,second,vehicleCount
0,1,0
1,1,0
2,1,0
3,1,0
4,1,0
5,1,0
6,1,0
7,1,0
8,1,0
9,1,0
10,1,0
11,1,0
12,1,0
13,1,0
14,1,0
15,1,0
16,1,0
17,1,0
18,1,0
19,1,0
20,1,0
21,1,0
22,1,0
23,1,0
24,1,0
25,1,0
26,1,0
27,1,0
28,1,0
29,1,0
30,1,0
31,1,0
32,1,0
33,1,0
34,1,0
35,1,0
36,1,0
37,1,0
38,1,0
39,1,0
40,1,0
41,1,0
42,1,0
43,1,0
44,1,0
45,1,0
46,1,0
47,1,0
48,1,0
49,1,0
50,1,0
51,1,0
52,1,0
53,1,0
54,1,0
55,1,0
56,1,0
57,1,0
58,1,0
59,1,0
60,1,0
61,1,0
62,1,0
63,1,0
64,1,0
65,1,0
66,1,0
67,1,0
68,1,0
69,1,0
70,1,0
71,1,0
72,1,0
73,1,0
74,1,0
75,1,0
76,1,0
77,1,0
78,1,0
79,1,0
80,1,0
81,1,0
82,1,0
83,1,0
84,1,0
85,1,0
86,1,0
87,1,0
88,1,0
89,1,0
90,1,0
91,1,0
92,1,0
93,1,0
94,1,0
95,1,0
96,1,0
97,1,0
98,1,0
99,1,0
100,1,0
101,1,0
102,1,0
103,1,0
104,1,0
105,1,0
106,1,0
107,1,0
108,1,0
109,1,0
110,1,0
111,1,0
112,1,0
113,1,0
114,1,0
115,1,0
116,1,0
117,1,0
118,1,0
119,1,0
120,1,0
121,1,0
122,1,0
123,1,0
124,1,0
125,1,0
126,1,0
127,1,0
128,1,0
129,1,0
130,1,0
131,1,0
132,1,0
133,1,0
134,1,0
135,1,0
136,1,0
137,1,0
138,1,0
139,1,0
140,1,0
141,1,0
142,1,0
143,1,0
144,1,0
145,1,0
146,1,0
147,1,0
148,1,0
149,1,0
150,1,0
151,1,0
152,1,0
153,1,0
154,1,0
155,1,0
156,1,0
157,1,0
158,1,0
159,1,0
160,1,0
161,1,0
162,1,0
163,1,0
164,1,0
165,1,0
166,1,0
167,1,0
168,1,0
169,1,0
170,1,0
171,1,0
172,1,0
173,1,0
174,1,0
175,1,0
176,1,0
177,1,0
178,1,0
179,1,0
180,1,0
181,1,0
182,1,0
183,1,0
184,1,0
185,1,0
186,1,0
187,1,0
188,1,0
189,1,0
190,1,0
191,1,0
192,1,0
193,1,0
194,1,0
195,1,0
196,1,0
197,1,0
198,1,0
199,1,0
200,1,0
201,1,0
202,1,0
203,1,0
204,1,0
205,1,0
206,1,0
207,1,0
208,1,0
209,1,0
210,1,0
211,1,0
212,1,0
213,1,0
214,1,0
215,1,0
216,1,0
217,1,0
218,1,0
219,1,0
220,1,0
221,1,0
222,1,0
223,1,0
224,1,1
225,1,1
226,1,1
227,1,1
228,1,1
229,1,1
230,1,1
231,1,1
232,1,1
233,1,1
234,1,1
235,1,1
236,1,1
237,1,1
238,1,1
239,1,1
240,1,1
241,1,1
242,1,1
243,1,1
244,1,1
245,1,1
246,1,1
247,1,1
248,1,1
249,1,1
250,1,1
251,1,1
252,1,1
253,1,1
254,1,1
255,1,1
256,1,1
257,1,1
258,1,1
259,1,1
260,1,1
261,1,1
262,1,1
263,1,2
264,1,2
265,1,2
266,1,2
267,1,2
268,1,2
269,1,2
270,1,2
271,1,2
272,1,2
273,1,2
274,1,2
275,1,2
276,1,2
277,1,2
278,1,2
279,1,2
280,1,2
281,1,2
282,1,2
283,1,2
284,1,2
285,1,2
286,1,2
287,1,2
288,1,2
289,1,2
290,1,2
291,1,2
292,1,2
293,1,2
294,1,2
295,1,3
296,1,3
297,1,3
298,1,3
299,1,3
300,1,3
301,1,3
302,1,3
303,1,4
304,1,4
305,1,4
306,1,4
307,1,4
308,1,4
309,1,4
310,1,5
311,1,5
312,1,5
313,1,5
314,1,5
315,1,6
316,1,6
317,1,6
318,1,7
319,1,7
320,1,7
321,1,7
322,1,8
323,1,8
324,1,8
325,1,8
326,1,9
327,1,9
328,1,9
329,1,10
330,1,10
331,1,11
332,1,11
333,1,12
334,1,12
335,1,12
336,1,13
337,1,13
338,1,14
339,1,14
340,1,15
341,1,15
342,1,16
343,1,16
344,1,17
345,1,18
346,1,18
347,1,19
348,1,19
349,1,20
350,1,20
351,1,21
352,1,21
353,1,22
354,1,22
355,1,23
356,1,24
357,1,24
358,1,25
359,1,26
360,1,26
361,1,27
362,1,28
363,1,28
364,1,29
365,1,30
366,1,30
367,1,31
368,1,32
369,1,32
370,1,33
371,1,34
372,1,34
373,1,35
374,1,36
375,1,37
376,1,38
377,1,39
378,1,40
379,1,41
380,1,42
381,1,43
382,1,44
383,1,45
384,1,46
385,1,48
386,1,49
387,1,50
388,1,51
389,1,52
390,1,53
391,1,55
392,1,56
393,1,57
394,1,58
395,1,60
396,1,62
397,1,64
398,1,65
399,1,67
400,1,69
401,1,70
402,1,72
403,1,73
404,1,74
405,1,75
406,1,77
407,1,78
408,1,80
409,1,82
410,1,83
411,1,84
412,1,86
413,1,87
414,1,89
415,1,91
416,1,92
417,1,93
418,1,94
419,1,96
420,1,97
421,1,98
422,1,99
423,1,100
424,1,101
425,1,103
426,1,105
427,1,105
428,1,107
429,1,109
430,1,110
431,1,111
432,1,112
433,1,113
434,1,114
435,1,115
436,1,116
437,1,117
438,1,118
439,1,118
440,1,118
441,1,119
442,1,119
443,1,120
444,1,120
445,1,121
446,1,121
447,1,122
448,1,123
449,1,123
450,1,124
451,1,124
452,1,124
453,1,125
454,1,126
455,1,126
456,1,127
457,1,128
458,1,128
459,1,128
460,1,128
461,1,128
462,1,128
463,1,129
464,1,129
465,1,129
466,1,129
467,1,129
468,1,128
469,1,128
470,1,127
471,1,127
472,1,126
473,1,126
474,1,125
475,1,124
476,1,123
477,1,122
478,1,121
479,1,120
480,1,119
481,1,118
482,1,116
483,1,115
484,1,114
485,1,112
486,1,110
487,1,109
488,1,107
489,1,106
490,1,105
491,1,104
492,1,101
493,1,99
494,1,97
495,1,96
496,1,94
497,1,93
498,1,91
499,1,89
500,1,87
501,1,86
502,1,84
503,1,82
504,1,80
505,1,78
506,1,76
507,1,75
508,1,73
509,1,71
510,1,70
511,1,68
512,1,67
513,1,65
514,1,64
515,1,63
516,1,62
517,1,61
518,1,60
519,1,58
520,1,58
521,1,57
522,1,56
523,1,55
524,1,54
525,1,53
526,1,52
527,1,51
528,1,51
529,1,50
530,1,50
531,1,49
532,1,49
533,1,48
534,1,48
535,1,48
536,1,47
537,1,47
538,1,47
539,1,47
540,1,47
541,1,46
542,1,46
543,1,46
544,1,46
545,1,46
546,1,46
547,1,46
548,1,46
549,1,47
550,1,47
551,1,47
552,1,47
553,1,47
554,1,46
555,1,46
556,1,46
557,1,46
558,1,45
559,1,45
560,1,46
561,1,45
562,1,45
563,1,45
564,1,44
565,1,44
566,1,44
567,1,44
568,1,44
569,1,43
570,1,44
571,1,43
572,1,43
573,1,43
574,1,42
575,1,42
576,1,42
577,1,42
578,1,42
579,1,41
580,1,41
581,1,41
582,1,41
583,1,41
584,1,41
585,1,40
586,1,40
587,1,40
588,1,40
589,1,39
590,1,39
591,1,39
592,1,39
593,1,38
594,1,38
595,1,38
596,1,38
597,1,38
598,1,38
599,1,37
600,1,37
601,1,37
602,1,36
603,1,36
604,1,36
605,1,37
606,1,36
607,1,36
608,1,36
609,1,36
610,1,36
611,1,37
612,1,36
613,1,36
614,1,36
615,1,36
616,1,36
617,1,37
618,1,37
619,1,37
620,1,37
621,1,37
622,1,38
623,1,38
624,1,38
625,1,38
626,1,38
627,1,38
628,1,38
629,1,39
630,1,39
631,1,39
632,1,40
633,1,40
634,1,40
635,1,40
636,1,40
637,1,40
638,1,40
639,1,40
640,1,40
641,1,40
642,1,40
643,1,40
644,1,40
645,1,40
646,1,40
647,1,40
648,1,40
649,1,41
650,1,40
651,1,41
652,1,41
653,1,40
654,1,40
655,1,40
656,1,40
657,1,40
658,1,40
659,1,40
660,1,39
661,1,39
662,1,40
663,1,40
664,1,40
665,1,41
666,1,41
667,1,40
668,1,40
669,1,40
670,1,40
671,1,40
672,1,40
673,1,40
674,1,40
675,1,40
676,1,40
677,1,40
678,1,40
679,1,40
680,1,40
681,1,39
682,1,39
683,1,39
684,1,39
685,1,39
686,1,39
687,1,39
688,1,38
689,1,38
690,1,38
691,1,38
692,1,38
693,1,39
694,1,39
695,1,40
696,1,40
697,1,40
698,1,40
699,1,41
700,1,41
701,1,41
702,1,42
703,1,42
704,1,43
705,1,43
706,1,43
707,1,44
708,1,44
709,1,45
710,1,44
711,1,44
712,1,44
713,1,45
714,1,45
715,1,46
716,1,47
717,1,47
718,1,47
719,1,47
720,1,48
721,1,49
722,1,50
723,1,50
724,1,51
725,1,51
726,1,52
727,1,52
728,1,53
729,1,52
730,1,53
731,1,53
732,1,53
733,1,53
734,1,53
735,1,53
736,1,53
737,1,53
738,1,54
739,1,54
740,1,53
741,1,54
742,1,54
743,1,55
744,1,55
745,1,56
746,1,56
747,1,56
748,1,56
749,1,56
750,1,56
751,1,57
752,1,57
753,1,57
754,1,57
755,1,57
756,1,57
757,1,57
758,1,57
759,1,57
760,1,58
761,1,58
762,1,58
763,1,58
764,1,58
765,1,59
766,1,59
767,1,59
768,1,59
769,1,58
770,1,59
771,1,59
772,1,58
773,1,58
774,1,58
775,1,57
776,1,57
777,1,57
778,1,57
779,1,57
780,1,57
781,1,57
782,1,58
783,1,58
784,1,58
785,1,58
786,1,59
787,1,59
788,1,59
789,1,59
790,1,59
791,1,59
792,1,60
793,1,61
794,1,61
795,1,62
796,1,62
797,1,63
798,1,63
799,1,63
800,1,64
801,1,64
802,1,64
803,1,64
804,1,64
805,1,63
806,1,63
807,1,63
808,1,63
809,1,64
810,1,64
811,1,64
812,1,64
813,1,64
814,1,64
815,1,64
816,1,65
817,1,65
818,1,65
819,1,65
820,1,64
821,1,64
822,1,64
823,1,64
824,1,63
825,1,63
826,1,63
827,1,63
828,1,62
829,1,62
830,1,62
831,1,61
832,1,61
833,1,60
834,1,60
835,1,60
836,1,60
837,1,59
838,1,59
839,1,59
840,1,58
841,1,58
842,1,58
843,1,58
844,1,57
845,1,57
846,1,56
847,1,56
848,1,56
849,1,56
850,1,56
851,1,56
852,1,56
853,1,55
854,1,55
855,1,55
856,1,55
857,1,55
858,1,54
859,1,54
860,1,54
861,1,53
862,1,53
863,1,53
864,1,52
865,1,52
866,1,52
867,1,52
868,1,52
869,1,52
870,1,52
871,1,52
872,1,51
873,1,50
874,1,50
875,1,50
876,1,50
877,1,50
878,1,51
879,1,51
880,1,52
881,1,52
882,1,52
883,1,53
884,1,53
885,1,54
886,1,54
887,1,54
888,1,54
889,1,54
890,1,55
891,1,55
892,1,56
893,1,56
894,1,56
895,1,56
896,1,56
897,1,56
898,1,57
899,1,57
900,1,57
901,1,57
902,1,57
903,1,57
904,1,58
905,1,58
906,1,59
907,1,59
908,1,59
909,1,60
910,1,60
911,1,61
912,1,61
913,1,62
914,1,62
915,1,63
916,1,64
917,1,65
918,1,64
919,1,65
920,1,65
921,1,66
922,1,66
923,1,66
924,1,67
925,1,68
926,1,68
927,1,68
928,1,69
929,1,69
930,1,69
931,1,69
932,1,70
933,1,71
934,1,71
935,1,71
936,1,72
937,1,73
938,1,74
939,1,75
940,1,75
941,1,76
942,1,76
943,1,77
944,1,78
945,1,78
946,1,79
947,1,80
948,1,81
949,1,82
950,1,83
951,1,83
952,1,84
953,1,84
954,1,85
955,1,85
956,1,86
957,1,88
958,1,88
959,1,89
960,1,89
961,1,89
962,1,90
963,1,91
964,1,92
965,1,92
966,1,93
967,1,94
968,1,95
969,1,96
970,1,98
971,1,99
972,1,100
973,1,100
974,1,101
975,1,102
976,1,104
977,1,106
978,1,106
979,1,107
980,1,108
981,1,110
982,1,110
983,1,111
984,1,112
985,1,113
986,1,113
987,1,114
988,1,114
989,1,115
990,1,115
991,1,117
992,1,118
993,1,118
994,1,120
995,1,121
996,1,121
997,1,121
998,1,122
999,1,123
1000,1,124
1001,1,125
1002,1,126
1003,1,126
1004,1,127
1005,1,127
1006,1,126
1007,1,126
1008,1,126
1009,1,126
1010,1,125
1011,1,124
1012,1,124
1013,1,123
1014,1,123
1015,1,123
1016,1,123
1017,1,123
1018,1,123
1019,1,122
1020,1,122
1021,1,122
1022,1,122
1023,1,121
1024,1,121
1025,1,120
1026,1,120
1027,1,120
1028,1,119
1029,1,119
1030,1,119
1031,1,119
1032,1,119
1033,1,119
1034,1,118
1035,1,118
1036,1,117
1037,1,116
1038,1,116
1039,1,115
1040,1,114
1041,1,112
1042,1,113
1043,1,112
1044,1,111
1045,1,110
1046,1,109
1047,1,108
1048,1,107
1049,1,106
1050,1,105
1051,1,104
1052,1,102
1053,1,101
1054,1,100
1055,1,99
1056,1,98
1057,1,98
1058,1,98
1059,1,97
1060,1,96
1061,1,97
1062,1,96
1063,1,95
1064,1,95
1065,1,95
1066,1,95
1067,1,94
1068,1,94
1069,1,94
1070,1,94
1071,1,94
1072,1,94
1073,1,94
1074,1,94
1075,1,95
1076,1,95
1077,1,95
1078,1,95
1079,1,95
1080,1,95
1081,1,95
1082,1,95
1083,1,95
1084,1,95
1085,1,96
1086,1,96
1087,1,96
1088,1,96
1089,1,96
1090,1,97
1091,1,98
1092,1,98
1093,1,98
1094,1,97
1095,1,96
1096,1,96
1097,1,95
1098,1,95
1099,1,94
1100,1,94
1101,1,94
1102,1,93
1103,1,93
1104,1,93
1105,1,93
1106,1,92
1107,1,92
1108,1,91
1109,1,91
1110,1,90
1111,1,89
1112,1,89
1113,1,89
1114,1,88
1115,1,87
1116,1,86
1117,1,86
1118,1,85
1119,1,84
1120,1,83
1121,1,82
1122,1,81
1123,1,80
1124,1,80
1125,1,80
1126,1,79
1127,1,79
1128,1,78
1129,1,77
1130,1,76
1131,1,75
1132,1,74
1133,1,74
1134,1,74
1135,1,73
1136,1,71
1137,1,70
1138,1,70
1139,1,69
1140,1,68
1141,1,68
1142,1,67
1143,1,66
1144,1,66
1145,1,66
1146,1,65
1147,1,65
1148,1,64
1149,1,64
1150,1,63
1151,1,63
1152,1,63
1153,1,63
1154,1,62
1155,1,62
1156,1,62
1157,1,62
1158,1,62
1159,1,62
1160,1,62
1161,1,61
1162,1,61
1163,1,61
1164,1,60
1165,1,60
1166,1,60
1167,1,60
1168,1,60
1169,1,60
1170,1,60
1171,1,59
1172,1,59
1173,1,59
1174,1,59
1175,1,59
1176,1,59
1177,1,59
1178,1,59
1179,1,59
1180,1,59
1181,1,58
1182,1,58
1183,1,58
1184,1,57
1185,1,57
1186,1,58
1187,1,57
1188,1,57
1189,1,57
1190,1,57
1191,1,57
1192,1,57
1193,1,57
1194,1,57
1195,1,56
1196,1,56
1197,1,56
1198,1,55
1199,1,55
1200,1,55
1201,1,54
1202,1,54
1203,1,54
1204,1,53
1205,1,53
1206,1,53
1207,1,53
1208,1,52
1209,1,52
1210,1,51
1211,1,50
1212,1,50
1213,1,50
1214,1,50
1215,1,49
1216,1,49
1217,1,49
1218,1,48
1219,1,47
1220,1,46
1221,1,45
1222,1,45
1223,1,45
1224,1,44
1225,1,43
1226,1,42
1227,1,41
1228,1,40
1229,1,40
1230,1,39
1231,1,38
1232,1,38
1233,1,38
1234,1,37
1235,1,37
1236,1,36
1237,1,36
1238,1,35
1239,1,35
1240,1,35
1241,1,34
1242,1,34
1243,1,33
1244,1,33
1245,1,33
1246,1,32
1247,1,32
1248,1,32
1249,1,31
1250,1,31
1251,1,30
1252,1,30
1253,1,30
1254,1,30
1255,1,30
1256,1,30
1257,1,30
1258,1,30
1259,1,29
1260,1,29
1261,1,29
1262,1,29
1263,1,29
1264,1,29
1265,1,29
1266,1,29
1267,1,29
1268,1,29
1269,1,29
1270,1,28
1271,1,29
1272,1,28
1273,1,28
1274,1,29
1275,1,28
1276,1,28
1277,1,28
1278,1,28
1279,1,28
1280,1,28
1281,1,28
1282,1,28
1283,1,27
1284,1,27
1285,1,27
1286,1,27
1287,1,26
1288,1,26
1289,1,26
1290,1,26
1291,1,26
1292,1,26
1293,1,25
1294,1,26
1295,1,26
1296,1,26
1297,1,26
1298,1,26
1299,1,26
1300,1,26
1301,1,26
1302,1,26
1303,1,25
1304,1,25
1305,1,25
1306,1,25
1307,1,25
1308,1,25
1309,1,24
1310,1,24
1311,1,24
1312,1,23
1313,1,23
1314,1,23
1315,1,23
1316,1,23
1317,1,23
1318,1,23
1319,1,23
1320,1,23
1321,1,23
1322,1,23
1323,1,23
1324,1,23
1325,1,23
1326,1,23
1327,1,23
1328,1,23
1329,1,24
1330,1,24
1331,1,24
1332,1,25
1333,1,25
1334,1,25
1335,1,25
1336,1,25
1337,1,26
1338,1,26
1339,1,26
1340,1,26
1341,1,26
1342,1,26
1343,1,26
1344,1,26
1345,1,26
1346,1,26
1347,1,26
1348,1,26
1349,1,26
1350,1,26
1351,1,26
1352,1,26
1353,1,26
1354,1,27
1355,1,27
1356,1,27
1357,1,26
1358,1,26
1359,1,26
1360,1,26
1361,1,26
1362,1,26
1363,1,26
1364,1,26
1365,1,26
1366,1,25
1367,1,25
1368,1,25
1369,1,24
1370,1,24
1371,1,24
1372,1,23
1373,1,23
1374,1,22
1375,1,22
1376,1,22
1377,1,21
1378,1,21
1379,1,20
1380,1,20
1381,1,20
1382,1,19
1383,1,19
1384,1,19
1385,1,18
1386,1,18
1387,1,17
1388,1,17
1389,1,17
1390,1,16
1391,1,16
1392,1,16
1393,1,16
1394,1,16
1395,1,16
1396,1,15
1397,1,15
1398,1,15
1399,1,15
1400,1,14
1401,1,14
1402,1,14
1403,1,14
1404,1,13
1405,1,13
1406,1,13
1407,1,13
1408,1,13
1409,1,12
1410,1,12
1411,1,12
1412,1,12
1413,1,12
1414,1,11
1415,1,11
1416,1,11
1417,1,11
1418,1,11
1419,1,11
1420,1,11
1421,1,11
1422,1,11
1423,1,11
1424,1,10
1425,1,10
1426,1,10
1427,1,9
1428,1,9
1429,1,9
1430,1,8
1431,1,7
1432,1,7
1433,1,6
1434,1,5
1435,1,5
1436,1,4
1437,1,2
1438,1,1
1439,1,0
1440,1,0
1441,1,0
1442,1,0
1443,1,0
1444,1,0
1445,1,0
1446,1,0
1447,1,0
1448,1,0
1449,1,0
1450,1,0
1451,1,0
1452,1,0
1453,1,0
1454,1,0
1455,1,0
1456,1,0
1457,1,0
1458,1,0
1459,1,0
1460,1,0
1461,1,0
1462,1,0
1463,1,0
1464,1,0
1465,1,0
1466,1,0
1467,1,0
1468,1,0
1469,1,0
1470,1,0
1471,1,0
1472,1,0
1473,1,0
1474,1,0
1475,1,0
1476,1,0
1477,1,0
1478,1,0
1479,1,0
1480,1,0
1481,1,0
1482,1,0
1483,1,0
1484,1,0
1485,1,0
1486,1,0
1487,1,0
1488,1,0
1489,1,0
1490,1,0
1491,1,0
1492,1,0
1493,1,0
1494,1,0
1495,1,0
1496,1,0
1497,1,0
1498,1,0
1499,1,0
1500,1,0
1501,1,0
1502,1,0
1503,1,0
1504,1,0
1505,1,0
1506,1,0
1507,1,0
1508,1,0
1509,1,0
1510,1,0
1511,1,0
1512,1,0
1513,1,0
1514,1,0
1515,1,0
1516,1,0
1517,1,0
1518,1,0
1519,1,0
1520,1,0
1521,1,0
1522,1,0
1523,1,0
1524,1,0
1525,1,0
1526,1,0
1527,1,0
1528,1,0
1529,1,0
1530,1,0
1531,1,0
1532,1,0
1533,1,0
1534,1,0
1535,1,0
1536,1,0
1537,1,0
1538,1,0
1539,1,0
1540,1,0
1541,1,0
1542,1,0
1543,1,0
1544,1,0
1545,1,0
1546,1,0
1547,1,0
1548,1,0
1549,1,0
1550,1,0
1551,1,0
1552,1,0
1553,1,0
1554,1,0
1555,1,0
1556,1,0
1557,1,0
1558,1,0
1559,1,0
1560,1,0
1561,1,0
1562,1,0
1563,1,0
1564,1,0
1565,1,0
1566,1,0
1567,1,0
1568,1,0
1569,1,0
1570,1,0
1571,1,0
1572,1,0
1573,1,0
1574,1,0
1575,1,0
1576,1,0
1577,1,0
1578,1,0
1579,1,0
1580,1,0
1581,1,0
1582,1,0
1583,1,0
1584,1,0
1585,1,0
1586,1,0
1587,1,0
1588,1,0
1589,1,0
1590,1,0
1591,1,0
1592,1,0
1593,1,0
1594,1,0
1595,1,0
1596,1,0
1597,1,0
1598,1,0
1599,1,0
1600,1,0
1601,1,0
1602,1,0
1603,1,0
1604,1,0
1605,1,0
1606,1,0
1607,1,0
1608,1,0
1609,1,0
1610,1,0
1611,1,0
1612,1,0
1613,1,0
1614,1,0
1615,1,0
1616,1,0
1617,1,0
1618,1,0
1619,1,0
1620,1,0
1621,1,0
1622,1,0
1623,1,0
1624,1,0
1625,1,0
1626,1,0
1627,1,0
1628,1,0
1629,1,0
1630,1,0
1631,1,0
1632,1,0
1633,1,0
1634,1,0
1635,1,0
1636,1,0
1637,1,0
1638,1,0
1639,1,0
1640,1,0
1641,1,0
1642,1,0
1643,1,0
1644,1,0
1645,1,0
1646,1,0
1647,1,0
1648,1,0
1649,1,0
1650,1,0
1651,1,0
1652,1,0
1653,1,0
1654,1,0
1655,1,0
1656,1,0
1657,1,0
1658,1,0
1659,1,0
1660,1,0
1661,1,0
1662,1,0
1663,1,0
1664,1,0
1665,1,0
1666,1,0
1667,1,0
1668,1,0
1669,1,0
1670,1,0
1671,1,0
1672,1,0
1673,1,0
1674,1,0
1675,1,0
1676,1,0
1677,1,0
1678,1,0
1679,1,0
1680,1,0
1681,1,0
1682,1,0
1683,1,0
1684,1,0
1685,1,0
1686,1,0
1687,1,1
1688,1,1
1689,1,1
1690,1,1
1691,1,1
1692,1,1
1693,1,1
1694,1,1
1695,1,1
1696,1,1
1697,1,1
1698,1,1
1699,1,1
1700,1,1
1701,1,1
1702,1,1
1703,1,1
1704,1,1
1705,1,1
1706,1,1
1707,1,1
1708,1,1
1709,1,1
1710,1,1
1711,1,1
1712,1,1
1713,1,1
1714,1,1
1715,1,1
1716,1,1
1717,1,1
1718,1,1
1719,1,1
1720,1,1
1721,1,2
1722,1,1
1723,1,1
1724,1,1
1725,1,1
1726,1,1
1727,1,1
1728,1,1
1729,1,1
1730,1,1
1731,1,1
1732,1,2
1733,1,2
1734,1,2
1735,1,2
1736,1,2
1737,1,2
1738,1,2
1739,1,2
1740,1,2
1741,1,2
1742,1,2
1743,1,2
1744,1,2
1745,1,2
1746,1,3
1747,1,2
1748,1,3
1749,1,3
1750,1,3
1751,1,3
1752,1,3
1753,1,3
1754,1,3
1755,1,4
1756,1,4
1757,1,4
1758,1,4
1759,1,4
1760,1,4
1761,1,5
1762,1,5
1763,1,5
1764,1,5
1765,1,5
1766,1,6
1767,1,6
1768,1,6
1769,1,6
1770,1,6
1771,1,6
1772,1,6
1773,1,7
1774,1,7
1775,1,7
1776,1,7
1777,1,8
1778,1,8
1779,1,8
1780,1,8
1781,1,9
1782,1,9
1783,1,10
1784,1,10
1785,1,10
1786,1,11
1787,1,11
1788,1,11
1789,1,12
1790,1,12
1791,1,12
1792,1,13
1793,1,13
1794,1,14
1795,1,14
1796,1,14
1797,1,14
1798,1,15
1799,1,15
1800,1,16
1801,1,16
1802,1,17
1803,1,17
1804,1,18
1805,1,18
1806,1,19
1807,1,19
1808,1,20
1809,1,21
1810,1,21
1811,1,22
1812,1,23
1813,1,23
1814,1,24
1815,1,25
1816,1,25
1817,1,26
1818,1,26
1819,1,26
1820,1,27
1821,1,27
1822,1,28
1823,1,29
1824,1,30
1825,1,30
1826,1,31
1827,1,32
1828,1,32
1829,1,33
1830,1,34
1831,1,35
1832,1,36
1833,1,37
1834,1,38
1835,1,39
1836,1,40
1837,1,41
1838,1,41
1839,1,42
1840,1,43
1841,1,44
1842,1,45
1843,1,46
1844,1,47
1845,1,47
1846,1,48
1847,1,50
1848,1,51
1849,1,52
1850,1,53
1851,1,54
1852,1,55
1853,1,56
1854,1,56
1855,1,57
1856,1,58
1857,1,60
1858,1,61
1859,1,61
1860,1,62
1861,1,63
1862,1,64
1863,1,65
1864,1,66
1865,1,67
1866,1,68
1867,1,69
1868,1,70
1869,1,71
1870,1,72
1871,1,72
1872,1,73
1873,1,74
1874,1,75
1875,1,75
1876,1,76
1877,1,77
1878,1,78
1879,1,78
1880,1,78
1881,1,79
1882,1,80
1883,1,81
1884,1,82
1885,1,82
1886,1,83
1887,1,84
1888,1,84
1889,1,85
1890,1,85
1891,1,85
1892,1,86
1893,1,86
1894,1,87
1895,1,87
1896,1,88
1897,1,88
1898,1,88
1899,1,88
1900,1,88
1901,1,89
1902,1,89
1903,1,90
1904,1,90
1905,1,89
1906,1,89
1907,1,89
1908,1,89
1909,1,90
1910,1,90
1911,1,90
1912,1,89
1913,1,88
1914,1,87
1915,1,87
1916,1,87
1917,1,87
1918,1,86
1919,1,86
1920,1,85
1921,1,85
1922,1,84
1923,1,83
1924,1,83
1925,1,82
1926,1,82
1927,1,81
1928,1,80
1929,1,80
1930,1,79
1931,1,78
1932,1,77
1933,1,76
1934,1,76
1935,1,75
1936,1,73
1937,1,72
1938,1,71
1939,1,70
1940,1,70
1941,1,69
1942,1,68
1943,1,67
1944,1,66
1945,1,66
1946,1,65
1947,1,64
1948,1,63
1949,1,63
1950,1,63
1951,1,63
1952,1,61
1953,1,60
1954,1,59
1955,1,58
1956,1,58
1957,1,57
1958,1,56
1959,1,55
1960,1,54
1961,1,53
1962,1,52
1963,1,51
1964,1,50
1965,1,49
1966,1,48
1967,1,47
1968,1,46
1969,1,45
1970,1,44
1971,1,44
1972,1,43
1973,1,42
1974,1,42
1975,1,41
1976,1,40
1977,1,40
1978,1,40
1979,1,39
1980,1,39
1981,1,39
1982,1,38
1983,1,38
1984,1,38
1985,1,38
1986,1,37
1987,1,37
1988,1,37
1989,1,37
1990,1,37
1991,1,36
1992,1,36
1993,1,36
1994,1,36
1995,1,36
1996,1,35
1997,1,35
1998,1,34
1999,1,34
2000,1,33
2001,1,33
2002,1,33
2003,1,33
2004,1,33
2005,1,33
2006,1,34
2007,1,34
2008,1,33
2009,1,33
2010,1,33
2011,1,32
2012,1,32
2013,1,32
2014,1,33
2015,1,33
2016,1,32
2017,1,32
2018,1,32
2019,1,32
2020,1,32
2021,1,32
2022,1,32
2023,1,32
2024,1,31
2025,1,32
2026,1,31
2027,1,31
2028,1,31
2029,1,31
2030,1,31
2031,1,30
2032,1,30
2033,1,30
2034,1,30
2035,1,30
2036,1,29
2037,1,29
2038,1,29
2039,1,29
2040,1,29
2041,1,29
2042,1,29
2043,1,29
2044,1,29
2045,1,29
2046,1,29
2047,1,29
2048,1,29
2049,1,29
2050,1,29
2051,1,28
2052,1,28
2053,1,27
2054,1,27
2055,1,27
2056,1,27
2057,1,27
2058,1,27
2059,1,27
2060,1,27
2061,1,27
2062,1,27
2063,1,27
2064,1,28
2065,1,28
2066,1,28
2067,1,28
2068,1,28
2069,1,28
2070,1,29
2071,1,29
2072,1,29
2073,1,29
2074,1,29
2075,1,29
2076,1,29
2077,1,29
2078,1,29
2079,1,29
2080,1,29
2081,1,29
2082,1,29
2083,1,29
2084,1,29
2085,1,29
2086,1,29
2087,1,29
2088,1,29
2089,1,29
2090,1,29
2091,1,29
2092,1,29
2093,1,29
2094,1,29
2095,1,30
2096,1,30
2097,1,30
2098,1,30
2099,1,30
2100,1,30
2101,1,30
2102,1,30
2103,1,30
2104,1,30
2105,1,30
2106,1,30
2107,1,30
2108,1,30
2109,1,30
2110,1,30
2111,1,29
2112,1,29
2113,1,30
2114,1,29
2115,1,30
2116,1,30
2117,1,30
2118,1,30
2119,1,30
2120,1,30
2121,1,30
2122,1,30
2123,1,30
2124,1,30
2125,1,30
2126,1,30
2127,1,30
2128,1,29
2129,1,29
2130,1,30
2131,1,30
2132,1,30
2133,1,30
2134,1,30
2135,1,30
2136,1,31
2137,1,31
2138,1,30
2139,1,30
2140,1,30
2141,1,30
2142,1,30
2143,1,30
2144,1,31
2145,1,31
2146,1,31
2147,1,31
2148,1,31
2149,1,32
2150,1,32
2151,1,32
2152,1,32
2153,1,32
2154,1,33
2155,1,33
2156,1,33
2157,1,33
2158,1,34
2159,1,34
2160,1,34
2161,1,34
2162,1,34
2163,1,35
2164,1,35
2165,1,36
2166,1,36
2167,1,36
2168,1,36
2169,1,37
2170,1,37
2171,1,37
2172,1,36
2173,1,36
2174,1,37
2175,1,37
2176,1,37
2177,1,37
2178,1,38
2179,1,38
2180,1,38
2181,1,38
2182,1,38
2183,1,38
2184,1,38
2185,1,38
2186,1,38
2187,1,39
2188,1,39
2189,1,39
2190,1,39
2191,1,40
2192,1,40
2193,1,41
2194,1,41
2195,1,41
2196,1,40
2197,1,41
2198,1,41
2199,1,41
2200,1,41
2201,1,42
2202,1,42
2203,1,42
2204,1,43
2205,1,43
2206,1,43
2207,1,44
2208,1,44
2209,1,44
2210,1,44
2211,1,44
2212,1,44
2213,1,44
2214,1,44
2215,1,44
2216,1,44
2217,1,43
2218,1,43
2219,1,43
2220,1,43
2221,1,43
2222,1,43
2223,1,43
2224,1,43
2225,1,44
2226,1,43
2227,1,43
2228,1,44
2229,1,44
2230,1,44
2231,1,44
2232,1,44
2233,1,44
2234,1,45
2235,1,45
2236,1,45
2237,1,45
2238,1,46
2239,1,46
2240,1,46
2241,1,46
2242,1,46
2243,1,46
2244,1,46
2245,1,46
2246,1,46
2247,1,46
2248,1,46
2249,1,46
2250,1,46
2251,1,47
2252,1,47
2253,1,47
2254,1,47
2255,1,47
2256,1,48
2257,1,48
2258,1,48
2259,1,48
2260,1,48
2261,1,48
2262,1,48
2263,1,47
2264,1,48
2265,1,48
2266,1,47
2267,1,47
2268,1,46
2269,1,46
2270,1,46
2271,1,46
2272,1,46
2273,1,46
2274,1,46
2275,1,46
2276,1,46
2277,1,46
2278,1,45
2279,1,45
2280,1,45
2281,1,45
2282,1,45
2283,1,44
2284,1,44
2285,1,44
2286,1,44
2287,1,44
2288,1,44
2289,1,43
2290,1,43
2291,1,43
2292,1,43
2293,1,43
2294,1,42
2295,1,42
2296,1,42
2297,1,42
2298,1,42
2299,1,42
2300,1,42
2301,1,42
2302,1,42
2303,1,42
2304,1,42
2305,1,41
2306,1,41
2307,1,40
2308,1,40
2309,1,40
2310,1,40
2311,1,40
2312,1,40
2313,1,40
2314,1,40
2315,1,40
2316,1,40
2317,1,39
2318,1,40
2319,1,40
2320,1,40
2321,1,40
2322,1,39
2323,1,39
2324,1,39
2325,1,39
2326,1,39
2327,1,39
2328,1,39
2329,1,40
2330,1,40
2331,1,40
2332,1,40
2333,1,40
2334,1,40
2335,1,40
2336,1,40
2337,1,40
2338,1,40
2339,1,41
2340,1,41
2341,1,41
2342,1,41
2343,1,41
2344,1,42
2345,1,42
2346,1,43
2347,1,43
2348,1,43
2349,1,44
2350,1,44
2351,1,44
2352,1,44
2353,1,45
2354,1,46
2355,1,46
2356,1,46
2357,1,46
2358,1,46
2359,1,46
2360,1,46
2361,1,46
2362,1,46
2363,1,46
2364,1,47
2365,1,47
2366,1,48
2367,1,48
2368,1,48
2369,1,48
2370,1,49
2371,1,50
2372,1,51
2373,1,51
2374,1,51
2375,1,51
2376,1,52
2377,1,52
2378,1,53
2379,1,53
2380,1,53
2381,1,54
2382,1,55
2383,1,55
2384,1,55
2385,1,56
2386,1,57
2387,1,57
2388,1,57
2389,1,57
2390,1,57
2391,1,58
2392,1,58
2393,1,59
2394,1,59
2395,1,60
2396,1,61
2397,1,61
2398,1,62
2399,1,62
2400,1,63
2401,1,63
2402,1,63
2403,1,64
2404,1,65
2405,1,66
2406,1,67
2407,1,67
2408,1,68
2409,1,68
2410,1,69
2411,1,69
2412,1,70
2413,1,70
2414,1,70
2415,1,70
2416,1,70
2417,1,71
2418,1,71
2419,1,72
2420,1,72
2421,1,73
2422,1,72
2423,1,73
2424,1,74
2425,1,74
2426,1,75
2427,1,76
2428,1,77
2429,1,78
2430,1,79
2431,1,80
2432,1,81
2433,1,81
2434,1,82
2435,1,82
2436,1,83
2437,1,83
2438,1,84
2439,1,84
2440,1,85
2441,1,85
2442,1,86
2443,1,86
2444,1,86
2445,1,87
2446,1,87
2447,1,86
2448,1,87
2449,1,87
2450,1,87
2451,1,87
2452,1,87
2453,1,87
2454,1,87
2455,1,87
2456,1,87
2457,1,87
2458,1,86
2459,1,87
2460,1,87
2461,1,87
2462,1,87
2463,1,87
2464,1,87
2465,1,88
2466,1,88
2467,1,88
2468,1,88
2469,1,88
2470,1,87
2471,1,87
2472,1,87
2473,1,87
2474,1,86
2475,1,86
2476,1,86
2477,1,86
2478,1,85
2479,1,85
2480,1,84
2481,1,84
2482,1,84
2483,1,83
2484,1,83
2485,1,82
2486,1,82
2487,1,81
2488,1,81
2489,1,81
2490,1,81
2491,1,81
2492,1,80
2493,1,80
2494,1,79
2495,1,78
2496,1,78
2497,1,77
2498,1,77
2499,1,77
2500,1,77
2501,1,76
2502,1,75
2503,1,74
2504,1,74
2505,1,73
2506,1,73
2507,1,73
2508,1,72
2509,1,72
2510,1,71
2511,1,71
2512,1,71
2513,1,71
2514,1,71
2515,1,71
2516,1,71
2517,1,71
2518,1,71
2519,1,71
2520,1,72
2521,1,72
2522,1,72
2523,1,72
2524,1,72
2525,1,72
2526,1,72
2527,1,73
2528,1,73
2529,1,73
2530,1,73
2531,1,72
2532,1,72
2533,1,72
2534,1,72
2535,1,72
2536,1,72
2537,1,70
2538,1,70
2539,1,69
2540,1,69
2541,1,69
2542,1,69
2543,1,68
2544,1,67
2545,1,67
2546,1,67
2547,1,67
2548,1,66
2549,1,66
2550,1,66
2551,1,65
2552,1,65
2553,1,65
2554,1,65
2555,1,65
2556,1,64
2557,1,64
2558,1,64
2559,1,65
2560,1,64
2561,1,64
2562,1,64
2563,1,64
2564,1,64
2565,1,63
2566,1,63
2567,1,63
2568,1,62
2569,1,62
2570,1,61
2571,1,60
2572,1,60
2573,1,60
2574,1,60
2575,1,59
2576,1,59
2577,1,59
2578,1,59
2579,1,58
2580,1,58
2581,1,57
2582,1,56
2583,1,55
2584,1,55
2585,1,54
2586,1,54
2587,1,53
2588,1,53
2589,1,53
2590,1,52
2591,1,52
2592,1,51
2593,1,51
2594,1,51
2595,1,50
2596,1,49
2597,1,49
2598,1,48
2599,1,48
2600,1,47
2601,1,47
2602,1,47
2603,1,47
2604,1,47
2605,1,46
2606,1,46
2607,1,46
2608,1,46
2609,1,46
2610,1,45
2611,1,45
2612,1,46
2613,1,46
2614,1,46
2615,1,47
2616,1,47
2617,1,46
2618,1,46
2619,1,46
2620,1,46
2621,1,46
2622,1,45
2623,1,45
2624,1,45
2625,1,44
2626,1,44
2627,1,44
2628,1,44
2629,1,44
2630,1,43
2631,1,43
2632,1,43
2633,1,43
2634,1,42
2635,1,42
2636,1,42
2637,1,41
2638,1,41
2639,1,41
2640,1,41
2641,1,41
2642,1,41
2643,1,41
2644,1,41
2645,1,40
2646,1,40
2647,1,40
2648,1,40
2649,1,40
2650,1,39
2651,1,39
2652,1,38
2653,1,38
2654,1,38
2655,1,37
2656,1,37
2657,1,37
2658,1,36
2659,1,36
2660,1,36
2661,1,36
2662,1,36
2663,1,35
2664,1,35
2665,1,34
2666,1,34
2667,1,33
2668,1,33
2669,1,33
2670,1,33
2671,1,32
2672,1,32
2673,1,32
2674,1,32
2675,1,31
2676,1,31
2677,1,31
2678,1,31
2679,1,31
2680,1,30
2681,1,30
2682,1,29
2683,1,29
2684,1,28
2685,1,28
2686,1,28
2687,1,27
2688,1,27
2689,1,27
2690,1,27
2691,1,26
2692,1,26
2693,1,26
2694,1,26
2695,1,25
2696,1,25
2697,1,25
2698,1,25
2699,1,24
2700,1,24
2701,1,24
2702,1,24
2703,1,24
2704,1,24
2705,1,23
2706,1,23
2707,1,23
2708,1,23
2709,1,23
2710,1,23
2711,1,23
2712,1,23
2713,1,23
2714,1,22
2715,1,22
2716,1,22
2717,1,22
2718,1,22
2719,1,22
2720,1,22
2721,1,22
2722,1,21
2723,1,21
2724,1,21
2725,1,21
2726,1,21
2727,1,21
2728,1,21
2729,1,21
2730,1,21
2731,1,20
2732,1,20
2733,1,20
2734,1,20
2735,1,20
2736,1,20
2737,1,20
2738,1,20
2739,1,20
2740,1,20
2741,1,20
2742,1,20
2743,1,20
2744,1,20
2745,1,20
2746,1,20
2747,1,20
2748,1,20
2749,1,20
2750,1,19
2751,1,19
2752,1,18
2753,1,18
2754,1,18
2755,1,18
2756,1,18
2757,1,18
2758,1,18
2759,1,17
2760,1,17
2761,1,18
2762,1,18
2763,1,18
2764,1,18
2765,1,18
2766,1,18
2767,1,18
2768,1,18
2769,1,18
2770,1,18
2771,1,18
2772,1,18
2773,1,18
2774,1,18
2775,1,18
2776,1,19
2777,1,19
2778,1,19
2779,1,18
2780,1,18
2781,1,18
2782,1,18
2783,1,18
2784,1,18
2785,1,18
2786,1,19
2787,1,19
2788,1,18
2789,1,18
2790,1,18
2791,1,18
2792,1,18
2793,1,18
2794,1,18
2795,1,18
2796,1,18
2797,1,18
2798,1,18
2799,1,18
2800,1,18
2801,1,18
2802,1,18
2803,1,18
2804,1,18
2805,1,18
2806,1,18
2807,1,18
2808,1,18
2809,1,18
2810,1,18
2811,1,17
2812,1,17
2813,1,17
2814,1,17
2815,1,17
2816,1,17
2817,1,17
2818,1,17
2819,1,17
2820,1,17
2821,1,17
2822,1,17
2823,1,16
2824,1,16
2825,1,16
2826,1,16
2827,1,16
2828,1,16
2829,1,15
2830,1,15
2831,1,15
2832,1,15
2833,1,14
2834,1,14
2835,1,14
2836,1,14
2837,1,13
2838,1,13
2839,1,13
2840,1,13
2841,1,13
2842,1,13
2843,1,13
2844,1,12
2845,1,12
2846,1,12
2847,1,12
2848,1,12
2849,1,12
2850,1,11
2851,1,11
2852,1,10
2853,1,10
2854,1,10
2855,1,10
2856,1,10
2857,1,10
2858,1,10
2859,1,9
2860,1,9
2861,1,9
2862,1,9
2863,1,8
2864,1,8
2865,1,8
2866,1,8
2867,1,7
2868,1,7
2869,1,7
2870,1,6
2871,1,6
2872,1,5
2873,1,5
2874,1,4
2875,1,3
2876,1,3
2877,1,2
2878,1,1
2879,1,0
2880,1,0
2881,1,0
2882,1,0
2883,1,0
2884,1,0
2885,1,0
2886,1,0
2887,1,0
2888,1,0
2889,1,0
2890,1,0
2891,1,0
2892,1,0
2893,1,0
2894,1,0
2895,1,0
2896,1,0
2897,1,0
2898,1,0
2899,1,0
2900,1,0
2901,1,0
2902,1,0
2903,1,0
2904,1,0
2905,1,0
2906,1,0
2907,1,0
2908,1,0
2909,1,0
2910,1,0
2911,1,0
2912,1,0
2913,1,0
2914,1,0
2915,1,0
2916,1,0
2917,1,0
2918,1,0
2919,1,0
2920,1,0
2921,1,0
2922,1,0
2923,1,0
2924,1,0
2925,1,0
2926,1,0
2927,1,0
2928,1,0
2929,1,0
2930,1,0
2931,1,0
2932,1,0
2933,1,0
2934,1,0
2935,1,0
2936,1,0
2937,1,0
2938,1,0
2939,1,0
2940,1,0
2941,1,0
2942,1,1
2943,1,1
2944,1,1
2945,1,1
2946,1,1
2947,1,1
2948,1,1
2949,1,1
2950,1,1
2951,1,1
2952,1,1
2953,1,1
2954,1,1
2955,1,1
2956,1,1
2957,1,1
2958,1,1
2959,1,1
2960,1,1
2961,1,1
2962,1,1
2963,1,1
2964,1,1
2965,1,1
2966,1,1
2967,1,1
2968,1,1
2969,1,1
2970,1,1
2971,1,1
2972,1,1
2973,1,1
2974,1,1
2975,1,1
2976,1,1
2977,1,1
2978,1,1
2979,1,1
2980,1,1
2981,1,0
2982,1,0
2983,1,0
2984,1,0
2985,1,0
2986,1,0
2987,1,0
2988,1,0
2989,1,0
2990,1,0
2991,1,0
2992,1,0
2993,1,0
2994,1,0
2995,1,0
2996,1,0
2997,1,0
2998,1,0
2999,1,0
3000,1,0
3001,1,0
3002,1,0
3003,1,0
3004,1,0
3005,1,0
3006,1,0
3007,1,0
3008,1,0
3009,1,0
3010,1,0
3011,1,0
3012,1,0
3013,1,0
3014,1,0
3015,1,0
3016,1,0
3017,1,0
3018,1,0
3019,1,1
3020,1,1
3021,1,1
3022,1,1
3023,1,1
3024,1,1
3025,1,1
3026,1,1
3027,1,1
3028,1,1
3029,1,1
3030,1,1
3031,1,1
3032,1,0
3033,1,0
3034,1,0
3035,1,0
3036,1,0
3037,1,0
3038,1,0
3039,1,1
3040,1,1
3041,1,1
3042,1,1
3043,1,1
3044,1,1
3045,1,1
3046,1,1
3047,1,1
3048,1,1
3049,1,1
3050,1,1
3051,1,1
3052,1,1
3053,1,1
3054,1,1
3055,1,1
3056,1,1
3057,1,1
3058,1,1
3059,1,1
3060,1,1
3061,1,1
3062,1,1
3063,1,1
3064,1,1
3065,1,1
3066,1,1
3067,1,1
3068,1,1
3069,1,1
3070,1,1
3071,1,1
3072,1,0
3073,1,0
3074,1,0
3075,1,0
3076,1,0
3077,1,0
3078,1,0
3079,1,0
3080,1,0
3081,1,0
3082,1,0
3083,1,0
3084,1,0
3085,1,0
3086,1,0
3087,1,0
3088,1,1
3089,1,1
3090,1,1
3091,1,1
3092,1,1
3093,1,1
3094,1,1
3095,1,2
3096,1,2
3097,1,2
3098,1,2
3099,1,2
3100,1,2
3101,1,2
3102,1,2
3103,1,2
3104,1,2
3105,1,2
3106,1,2
3107,1,2
3108,1,2
3109,1,3
3110,1,3
3111,1,3
3112,1,3
3113,1,3
3114,1,3
3115,1,3
3116,1,3
3117,1,3
3118,1,3
3119,1,3
3120,1,2
3121,1,2
3122,1,2
3123,1,2
3124,1,2
3125,1,2
3126,1,2
3127,1,2
3128,1,2
3129,1,2
3130,1,2
3131,1,2
3132,1,3
3133,1,3
3134,1,3
3135,1,3
3136,1,3
3137,1,3
3138,1,3
3139,1,3
3140,1,3
3141,1,3
3142,1,3
3143,1,3
3144,1,3
3145,1,3
3146,1,3
3147,1,3
3148,1,3
3149,1,3
3150,1,3
3151,1,3
3152,1,4
3153,1,4
3154,1,4
3155,1,5
3156,1,5
3157,1,5
3158,1,5
3159,1,5
3160,1,5
3161,1,5
3162,1,5
3163,1,5
3164,1,6
3165,1,6
3166,1,6
3167,1,6
3168,1,6
3169,1,6
3170,1,6
3171,1,7
3172,1,7
3173,1,7
3174,1,7
3175,1,8
3176,1,8
3177,1,8
3178,1,9
3179,1,9
3180,1,9
3181,1,9
3182,1,10
3183,1,10
3184,1,11
3185,1,12
3186,1,13
3187,1,14
3188,1,14
3189,1,15
3190,1,16
3191,1,17
3192,1,18
3193,1,18
3194,1,19
3195,1,20
3196,1,21
3197,1,22
3198,1,22
3199,1,23
3200,1,23
3201,1,24
3202,1,25
3203,1,26
3204,1,26
3205,1,27
3206,1,27
3207,1,28
3208,1,29
3209,1,30
3210,1,31
3211,1,31
3212,1,32
3213,1,34
3214,1,35
3215,1,36
3216,1,38
3217,1,39
3218,1,40
3219,1,41
3220,1,42
3221,1,44
3222,1,45
3223,1,46
3224,1,47
3225,1,48
3226,1,48
3227,1,49
3228,1,49
3229,1,49
3230,1,49
3231,1,49
3232,1,49
3233,1,50
3234,1,51
3235,1,52
3236,1,54
3237,1,57
3238,1,59
3239,1,60
3240,1,62
3241,1,64
3242,1,66
3243,1,68
3244,1,70
3245,1,72
3246,1,75
3247,1,77
3248,1,79
3249,1,81
3250,1,82
3251,1,83
3252,1,85
3253,1,86
3254,1,88
3255,1,90
3256,1,93
3257,1,94
3258,1,96
3259,1,98
3260,1,101
3261,1,103
3262,1,106
3263,1,109
3264,1,114
3265,1,118
3266,1,123
3267,1,127
3268,1,131
3269,1,136
3270,1,140
3271,1,145
3272,1,149
3273,1,154
3274,1,158
3275,1,162
3276,1,167
3277,1,171
3278,1,175
3279,1,178
3280,1,181
3281,1,184
3282,1,186
3283,1,189
3284,1,192
3285,1,195
3286,1,197
3287,1,199
3288,1,200
3289,1,202
3290,1,204
3291,1,205
3292,1,207
3293,1,209
3294,1,211
3295,1,213
3296,1,215
3297,1,218
3298,1,220
3299,1,222
3300,1,225
3301,1,228
3302,1,231
3303,1,233
3304,1,237
3305,1,240
3306,1,242
3307,1,245
3308,1,249
3309,1,253
3310,1,256
3311,1,258
3312,1,261
3313,1,263
3314,1,266
3315,1,268
3316,1,270
3317,1,271
3318,1,273
3319,1,275
3320,1,276
3321,1,276
3322,1,276
3323,1,278
3324,1,281
3325,1,285
3326,1,288
3327,1,291
3328,1,295
3329,1,299
3330,1,302
3331,1,305
3332,1,308
3333,1,312
3334,1,317
3335,1,322
3336,1,326
3337,1,330
3338,1,331
3339,1,332
3340,1,331
3341,1,329
3342,1,327
3343,1,326
3344,1,325
3345,1,324
3346,1,322
3347,1,319
3348,1,316
3349,1,313
3350,1,311
3351,1,307
3352,1,302
3353,1,299
3354,1,295
3355,1,291
3356,1,286
3357,1,281
3358,1,277
3359,1,273
3360,1,268
3361,1,263
3362,1,258
3363,1,254
3364,1,252
3365,1,250
3366,1,247
3367,1,243
3368,1,240
3369,1,235
3370,1,232
3371,1,228
3372,1,223
3373,1,219
3374,1,215
3375,1,212
3376,1,209
3377,1,205
3378,1,202
3379,1,200
3380,1,198
3381,1,194
3382,1,191
3383,1,188
3384,1,186
3385,1,184
3386,1,182
3387,1,178
3388,1,176
3389,1,173
3390,1,171
3391,1,168
3392,1,166
3393,1,164
3394,1,161
3395,1,159
3396,1,156
3397,1,153
3398,1,151
3399,1,150
3400,1,148
3401,1,147
3402,1,145
3403,1,144
3404,1,141
3405,1,139
3406,1,136
3407,1,134
3408,1,132
3409,1,130
3410,1,127
3411,1,125
3412,1,123
3413,1,122
3414,1,121
3415,1,121
3416,1,121
3417,1,122
3418,1,122
3419,1,122
3420,1,120
3421,1,118
3422,1,116
3423,1,114
3424,1,113
3425,1,111
3426,1,109
3427,1,107
3428,1,104
3429,1,100
3430,1,95
3431,1,90
3432,1,85
3433,1,81
3434,1,77
3435,1,74
3436,1,72
3437,1,69
3438,1,68
3439,1,65
3440,1,64
3441,1,62
3442,1,61
3443,1,61
3444,1,60
3445,1,60
3446,1,59
3447,1,58
3448,1,57
3449,1,56
3450,1,57
3451,1,57
3452,1,57
3453,1,56
3454,1,56
3455,1,56
3456,1,56
3457,1,55
3458,1,55
3459,1,54
3460,1,54
3461,1,54
3462,1,54
3463,1,54
3464,1,55
3465,1,54
3466,1,54
3467,1,54
3468,1,53
3469,1,53
3470,1,53
3471,1,53
3472,1,53
3473,1,53
3474,1,53
3475,1,54
3476,1,55
3477,1,55
3478,1,55
3479,1,55
3480,1,55
3481,1,55
3482,1,55
3483,1,56
3484,1,57
3485,1,57
3486,1,57
3487,1,57
3488,1,57
3489,1,57
3490,1,56
3491,1,56
3492,1,56
3493,1,56
3494,1,57
3495,1,58
3496,1,59
3497,1,60
3498,1,60
3499,1,61
3500,1,61
3501,1,61
3502,1,62
3503,1,64
3504,1,65
3505,1,67
3506,1,68
3507,1,69
3508,1,69
3509,1,70
3510,1,69
3511,1,69
3512,1,68
3513,1,68
3514,1,67
3515,1,66
3516,1,65
3517,1,64
3518,1,62
3519,1,60
3520,1,58
3521,1,56
3522,1,54
3523,1,52
3524,1,51
3525,1,50
3526,1,51
3527,1,51
3528,1,50
3529,1,50
3530,1,50
3531,1,51
3532,1,51
3533,1,52
3534,1,53
3535,1,53
3536,1,54
3537,1,55
3538,1,56
3539,1,57
3540,1,58
3541,1,58
3542,1,58
3543,1,59
3544,1,59
3545,1,60
3546,1,60
3547,1,60
3548,1,60
3549,1,59
3550,1,59
3551,1,59
3552,1,59
3553,1,60
3554,1,60
3555,1,60
3556,1,60
3557,1,60
3558,1,60
3559,1,60
3560,1,60
3561,1,59
3562,1,59
3563,1,59
3564,1,58
3565,1,58
3566,1,58
3567,1,58
3568,1,58
3569,1,59
3570,1,59
3571,1,60
3572,1,60
3573,1,62
3574,1,63
3575,1,64
3576,1,66
3577,1,67
3578,1,69
3579,1,71
3580,1,73
3581,1,75
3582,1,76
3583,1,77
3584,1,79
3585,1,80
3586,1,81
3587,1,82
3588,1,83
3589,1,84
3590,1,84
3591,1,84
3592,1,84
3593,1,86
3594,1,87
3595,1,88
3596,1,88
3597,1,89
3598,1,89
3599,1,89
3600,1,90
3601,1,90
3602,1,90
3603,1,91
3604,1,92
3605,1,91
3606,1,91
3607,1,91
3608,1,89
3609,1,87
3610,1,85
3611,1,83
3612,1,82
3613,1,80
3614,1,79
3615,1,77
3616,1,76
3617,1,75
3618,1,75
3619,1,75
3620,1,74
3621,1,74
3622,1,75
3623,1,76
3624,1,77
3625,1,79
3626,1,80
3627,1,82
3628,1,83
3629,1,84
3630,1,86
3631,1,86
3632,1,87
3633,1,87
3634,1,88
3635,1,89
3636,1,89
3637,1,90
3638,1,90
3639,1,90
3640,1,90
3641,1,89
3642,1,89
3643,1,89
3644,1,89
3645,1,89
3646,1,88
3647,1,88
3648,1,89
3649,1,89
3650,1,89
3651,1,90
3652,1,90
3653,1,90
3654,1,91
3655,1,92
3656,1,93
3657,1,93
3658,1,94
3659,1,95
3660,1,96
3661,1,97
3662,1,97
3663,1,97
3664,1,98
3665,1,98
3666,1,98
3667,1,99
3668,1,99
3669,1,100
3670,1,100
3671,1,100
3672,1,100
3673,1,100
3674,1,100
3675,1,100
3676,1,99
3677,1,97
3678,1,97
3679,1,95
3680,1,93
3681,1,91
3682,1,90
3683,1,90
3684,1,90
3685,1,91
3686,1,92
3687,1,94
3688,1,95
3689,1,95
3690,1,95
3691,1,96
3692,1,96
3693,1,97
3694,1,97
3695,1,96
3696,1,96
3697,1,94
3698,1,92
3699,1,89
3700,1,87
3701,1,83
3702,1,80
3703,1,78
3704,1,75
3705,1,73
3706,1,70
3707,1,68
3708,1,66
3709,1,66
3710,1,66
3711,1,66
3712,1,66
3713,1,67
3714,1,68
3715,1,69
3716,1,70
3717,1,71
3718,1,72
3719,1,73
3720,1,74
3721,1,75
3722,1,77
3723,1,78
3724,1,79
3725,1,80
3726,1,80
3727,1,81
3728,1,82
3729,1,82
3730,1,81
3731,1,80
3732,1,79
3733,1,79
3734,1,79
3735,1,79
3736,1,79
3737,1,79
3738,1,79
3739,1,79
3740,1,78
3741,1,78
3742,1,78
3743,1,78
3744,1,77
3745,1,77
3746,1,77
3747,1,77
3748,1,77
3749,1,78
3750,1,79
3751,1,80
3752,1,80
3753,1,80
3754,1,81
3755,1,81
3756,1,82
3757,1,83
3758,1,83
3759,1,84
3760,1,85
3761,1,86
3762,1,87
3763,1,88
3764,1,89
3765,1,90
3766,1,90
3767,1,90
3768,1,89
3769,1,88
3770,1,88
3771,1,88
3772,1,88
3773,1,89
3774,1,90
3775,1,91
3776,1,93
3777,1,96
3778,1,98
3779,1,100
3780,1,102
3781,1,105
3782,1,107
3783,1,111
3784,1,114
3785,1,116
3786,1,118
3787,1,119
3788,1,120
3789,1,119
3790,1,118
3791,1,115
3792,1,113
3793,1,111
3794,1,109
3795,1,108
3796,1,107
3797,1,106
3798,1,106
3799,1,106
3800,1,106
3801,1,106
3802,1,106
3803,1,107
3804,1,108
3805,1,109
3806,1,111
3807,1,113
3808,1,115
3809,1,118
3810,1,121
3811,1,124
3812,1,128
3813,1,131
3814,1,134
3815,1,136
3816,1,139
3817,1,141
3818,1,143
3819,1,145
3820,1,146
3821,1,149
3822,1,152
3823,1,154
3824,1,155
3825,1,157
3826,1,158
3827,1,158
3828,1,158
3829,1,158
3830,1,159
3831,1,159
3832,1,159
3833,1,161
3834,1,163
3835,1,166
3836,1,170
3837,1,174
3838,1,179
3839,1,184
3840,1,189
3841,1,194
3842,1,200
3843,1,205
3844,1,210
3845,1,215
3846,1,219
3847,1,223
3848,1,226
3849,1,229
3850,1,232
3851,1,234
3852,1,234
3853,1,234
3854,1,235
3855,1,235
3856,1,235
3857,1,235
3858,1,236
3859,1,237
3860,1,238
3861,1,240
3862,1,242
3863,1,245
3864,1,250
3865,1,256
3866,1,263
3867,1,269
3868,1,275
3869,1,281
3870,1,287
3871,1,293
3872,1,298
3873,1,302
3874,1,307
3875,1,312
3876,1,315
3877,1,317
3878,1,318
3879,1,318
3880,1,318
3881,1,315
3882,1,312
3883,1,311
3884,1,310
3885,1,311
3886,1,311
3887,1,310
3888,1,310
3889,1,311
3890,1,312
3891,1,313
3892,1,314
3893,1,317
3894,1,320
3895,1,323
3896,1,326
3897,1,329
3898,1,332
3899,1,335
3900,1,339
3901,1,343
3902,1,346
3903,1,349
3904,1,352
3905,1,356
3906,1,360
3907,1,363
3908,1,366
3909,1,369
3910,1,373
3911,1,374
3912,1,376
3913,1,378
3914,1,379
3915,1,382
3916,1,383
3917,1,383
3918,1,384
3919,1,384
3920,1,385
3921,1,384
3922,1,384
3923,1,383
3924,1,383
3925,1,384
3926,1,385
3927,1,386
3928,1,386
3929,1,387
3930,1,388
3931,1,390
3932,1,390
3933,1,392
3934,1,394
3935,1,397
3936,1,400
3937,1,403
3938,1,406
3939,1,410
3940,1,414
3941,1,418
3942,1,420
3943,1,422
3944,1,425
3945,1,429
3946,1,431
3947,1,434
3948,1,436
3949,1,438
3950,1,440
3951,1,442
3952,1,444
3953,1,446
3954,1,449
3955,1,454
3956,1,458
3957,1,462
3958,1,466
3959,1,470
3960,1,475
3961,1,479
3962,1,482
3963,1,486
3964,1,489
3965,1,493
3966,1,496
3967,1,498
3968,1,498
3969,1,498
3970,1,499
3971,1,498
3972,1,497
3973,1,495
3974,1,494
3975,1,493
3976,1,490
3977,1,488
3978,1,486
3979,1,486
3980,1,486
3981,1,484
3982,1,482
3983,1,481
3984,1,481
3985,1,483
3986,1,483
3987,1,482
3988,1,482
3989,1,482
3990,1,484
3991,1,484
3992,1,484
3993,1,485
3994,1,485
3995,1,486
3996,1,486
3997,1,486
3998,1,485
3999,1,486
4000,1,487
4001,1,488
4002,1,486
4003,1,486
4004,1,486
4005,1,487
4006,1,488
4007,1,487
4008,1,487
4009,1,486
4010,1,486
4011,1,486
4012,1,485
4013,1,484
4014,1,483
4015,1,483
4016,1,483
4017,1,482
4018,1,481
4019,1,480
4020,1,480
4021,1,480
4022,1,479
4023,1,479
4024,1,479
4025,1,480
4026,1,480
4027,1,480
4028,1,480
4029,1,481
4030,1,483
4031,1,483
4032,1,482
4033,1,483
4034,1,484
4035,1,485
4036,1,484
4037,1,482
4038,1,481
4039,1,480
4040,1,480
4041,1,479
4042,1,478
4043,1,479
4044,1,480
4045,1,484
4046,1,485
4047,1,487
4048,1,488
4049,1,489
4050,1,491
4051,1,491
4052,1,491
4053,1,492
4054,1,494
4055,1,496
4056,1,497
4057,1,496
4058,1,496
4059,1,495
4060,1,494
4061,1,491
4062,1,489
4063,1,486
4064,1,484
4065,1,483
4066,1,481
4067,1,479
4068,1,479
4069,1,478
4070,1,479
4071,1,478
4072,1,476
4073,1,475
4074,1,474
4075,1,474
4076,1,472
4077,1,469
4078,1,468
4079,1,467
4080,1,467
4081,1,464
4082,1,462
4083,1,460
4084,1,458
4085,1,457
4086,1,455
4087,1,452
4088,1,449
4089,1,447
4090,1,446
4091,1,442
4092,1,439
4093,1,436
4094,1,433
4095,1,432
4096,1,429
4097,1,426
4098,1,422
4099,1,420
4100,1,418
4101,1,415
4102,1,412
4103,1,409
4104,1,407
4105,1,406
4106,1,404
4107,1,401
4108,1,399
4109,1,398
4110,1,397
4111,1,394
4112,1,392
4113,1,391
4114,1,389
4115,1,388
4116,1,385
4117,1,382
4118,1,380
4119,1,379
4120,1,377
4121,1,374
4122,1,371
4123,1,369
4124,1,368
4125,1,367
4126,1,364
4127,1,361
4128,1,358
4129,1,356
4130,1,353
4131,1,349
4132,1,345
4133,1,344
4134,1,342
4135,1,341
4136,1,338
4137,1,336
4138,1,334
4139,1,333
4140,1,331
4141,1,329
4142,1,326
4143,1,324
4144,1,322
4145,1,321
4146,1,318
4147,1,314
4148,1,311
4149,1,308
4150,1,305
4151,1,299
4152,1,295
4153,1,291
4154,1,287
4155,1,284
4156,1,278
4157,1,273
4158,1,269
4159,1,266
4160,1,263
4161,1,258
4162,1,254
4163,1,251
4164,1,249
4165,1,246
4166,1,242
4167,1,238
4168,1,234
4169,1,230
4170,1,227
4171,1,222
4172,1,217
4173,1,214
4174,1,212
4175,1,210
4176,1,206
4177,1,201
4178,1,198
4179,1,195
4180,1,191
4181,1,186
4182,1,181
4183,1,176
4184,1,172
4185,1,168
4186,1,162
4187,1,157
4188,1,153
4189,1,150
4190,1,147
4191,1,143
4192,1,138
4193,1,136
4194,1,134
4195,1,132
4196,1,129
4197,1,126
4198,1,123
4199,1,121
4200,1,119
4201,1,115
4202,1,112
4203,1,108
4204,1,105
4205,1,102
4206,1,99
4207,1,94
4208,1,90
4209,1,86
4210,1,82
4211,1,78
4212,1,73
4213,1,69
4214,1,65
4215,1,62
4216,1,59
4217,1,57
4218,1,55
4219,1,53
4220,1,51
4221,1,49
4222,1,47
4223,1,47
4224,1,47
4225,1,46
4226,1,46
4227,1,46
4228,1,46
4229,1,46
4230,1,45
4231,1,45
4232,1,44
4233,1,44
4234,1,44
4235,1,43
4236,1,42
4237,1,41
4238,1,40
4239,1,39
4240,1,37
4241,1,35
4242,1,34
4243,1,32
4244,1,32
4245,1,31
4246,1,31
4247,1,30
4248,1,30
4249,1,29
4250,1,29
4251,1,28
4252,1,28
4253,1,28
4254,1,28
4255,1,28
4256,1,29
4257,1,29
4258,1,29
4259,1,29
4260,1,30
4261,1,30
4262,1,30
4263,1,30
4264,1,30
4265,1,30
4266,1,29
4267,1,29
4268,1,29
4269,1,29
4270,1,28
4271,1,28
4272,1,28
4273,1,27
4274,1,26
4275,1,26
4276,1,25
4277,1,25
4278,1,24
4279,1,24
4280,1,24
4281,1,24
4282,1,24
4283,1,24
4284,1,24
4285,1,24
4286,1,24
4287,1,24
4288,1,23
4289,1,23
4290,1,23
4291,1,23
4292,1,23
4293,1,23
4294,1,22
4295,1,22
4296,1,21
4297,1,21
4298,1,20
4299,1,20
4300,1,20
4301,1,19
4302,1,19
4303,1,19
4304,1,18
4305,1,18
4306,1,17
4307,1,17
4308,1,17
4309,1,16
4310,1,16
4311,1,15
4312,1,15
4313,1,14
4314,1,13
4315,1,13
4316,1,12
4317,1,11
4318,1,10
4319,1,9
4320,1,0
4321,1,0
4322,1,0
4323,1,0
4324,1,0
4325,1,0
4326,1,0
4327,1,0
4328,1,0
4329,1,0
4330,1,0
4331,1,0
4332,1,0
4333,1,0
4334,1,0
4335,1,0
4336,1,0
4337,1,0
4338,1,0
4339,1,0
4340,1,0
4341,1,0
4342,1,0
4343,1,0
4344,1,0
4345,1,0
4346,1,0
4347,1,0
4348,1,0
4349,1,0
4350,1,0
4351,1,0
4352,1,0
4353,1,0
4354,1,0
4355,1,0
4356,1,0
4357,1,0
4358,1,0
4359,1,0
4360,1,0
4361,1,0
4362,1,0
4363,1,0
4364,1,0
4365,1,0
4366,1,0
4367,1,0
4368,1,0
4369,1,0
4370,1,0
4371,1,0
4372,1,0
4373,1,0
4374,1,0
4375,1,0
4376,1,0
4377,1,0
4378,1,0
4379,1,0
4380,1,0
4381,1,0
4382,1,0
4383,1,0
4384,1,0
4385,1,0
4386,1,0
4387,1,0
4388,1,0
4389,1,0
4390,1,1
4391,1,1
4392,1,1
4393,1,1
4394,1,1
4395,1,1
4396,1,1
4397,1,1
4398,1,1
4399,1,1
4400,1,1
4401,1,1
4402,1,1
4403,1,1
4404,1,1
4405,1,1
4406,1,1
4407,1,1
4408,1,1
4409,1,1
4410,1,1
4411,1,1
4412,1,1
4413,1,1
4414,1,1
4415,1,1
4416,1,1
4417,1,1
4418,1,1
4419,1,1
4420,1,1
4421,1,1
4422,1,1
4423,1,1
4424,1,1
4425,1,1
4426,1,1
4427,1,1
4428,1,1
4429,1,1
4430,1,0
4431,1,0
4432,1,0
4433,1,0
4434,1,0
4435,1,0
4436,1,0
4437,1,0
4438,1,0
4439,1,0
4440,1,0
4441,1,0
4442,1,0
4443,1,0
4444,1,0
4445,1,0
4446,1,0
4447,1,0
4448,1,0
4449,1,0
4450,1,0
4451,1,0
4452,1,0
4453,1,0
4454,1,0
4455,1,0
4456,1,0
4457,1,0
4458,1,0
4459,1,0
4460,1,0
4461,1,0
4462,1,0
4463,1,0
4464,1,0
4465,1,0
4466,1,0
4467,1,1
4468,1,1
4469,1,1
4470,1,1
4471,1,1
4472,1,1
4473,1,1
4474,1,1
4475,1,1
4476,1,1
4477,1,1
4478,1,1
4479,1,1
4480,1,1
4481,1,1
4482,1,1
4483,1,1
4484,1,1
4485,1,1
4486,1,1
4487,1,1
4488,1,1
4489,1,1
4490,1,1
4491,1,1
4492,1,1
4493,1,1
4494,1,1
4495,1,1
4496,1,1
4497,1,1
4498,1,1
4499,1,1
4500,1,1
4501,1,1
4502,1,1
4503,1,1
4504,1,1
4505,1,1
4506,1,1
4507,1,1
4508,1,1
4509,1,1
4510,1,1
4511,1,1
4512,1,1
4513,1,1
4514,1,1
4515,1,1
4516,1,1
4517,1,1
4518,1,1
4519,1,1
4520,1,1
4521,1,1
4522,1,0
4523,1,0
4524,1,0
4525,1,0
4526,1,0
4527,1,0
4528,1,0
4529,1,0
4530,1,0
4531,1,0
4532,1,0
4533,1,0
4534,1,1
4535,1,1
4536,1,1
4537,1,1
4538,1,1
4539,1,1
4540,1,1
4541,1,1
4542,1,1
4543,1,2
4544,1,2
4545,1,2
4546,1,2
4547,1,2
4548,1,2
4549,1,2
4550,1,2
4551,1,2
4552,1,2
4553,1,2
4554,1,3
4555,1,3
4556,1,3
4557,1,3
4558,1,3
4559,1,3
4560,1,3
4561,1,3
4562,1,3
4563,1,3
4564,1,3
4565,1,3
4566,1,3
4567,1,3
4568,1,2
4569,1,2
4570,1,2
4571,1,2
4572,1,2
4573,1,2
4574,1,3
4575,1,3
4576,1,3
4577,1,3
4578,1,3
4579,1,3
4580,1,3
4581,1,3
4582,1,3
4583,1,3
4584,1,3
4585,1,3
4586,1,3
4587,1,3
4588,1,3
4589,1,3
4590,1,3
4591,1,4
4592,1,4
4593,1,4
4594,1,4
4595,1,4
4596,1,4
4597,1,4
4598,1,4
4599,1,4
4600,1,4
4601,1,4
4602,1,5
4603,1,5
4604,1,5
4605,1,5
4606,1,6
4607,1,6
4608,1,6
4609,1,6
4610,1,6
4611,1,6
4612,1,6
4613,1,7
4614,1,7
4615,1,7
4616,1,7
4617,1,7
4618,1,7
4619,1,8
4620,1,8
4621,1,8
4622,1,8
4623,1,8
4624,1,9
4625,1,9
4626,1,10
4627,1,10
4628,1,10
4629,1,11
4630,1,11
4631,1,12
4632,1,13
4633,1,14
4634,1,14
4635,1,15
4636,1,16
4637,1,16
4638,1,17
4639,1,18
4640,1,19
4641,1,20
4642,1,21
4643,1,22
4644,1,22
4645,1,23
4646,1,24
4647,1,25
4648,1,25
4649,1,26
4650,1,27
4651,1,27
4652,1,28
4653,1,29
4654,1,30
4655,1,31
4656,1,32
4657,1,33
4658,1,34
4659,1,35
4660,1,36
4661,1,37
4662,1,38
4663,1,39
4664,1,40
4665,1,42
4666,1,43
4667,1,44
4668,1,45
4669,1,45
4670,1,46
4671,1,48
4672,1,49
4673,1,49
4674,1,50
4675,1,51
4676,1,52
4677,1,53
4678,1,54
4679,1,55
4680,1,56
4681,1,56
4682,1,57
4683,1,58
4684,1,59
4685,1,61
4686,1,62
4687,1,64
4688,1,67
4689,1,69
4690,1,71
4691,1,73
4692,1,75
4693,1,77
4694,1,78
4695,1,80
4696,1,82
4697,1,84
4698,1,86
4699,1,89
4700,1,91
4701,1,93
4702,1,95
4703,1,97
4704,1,99
4705,1,101
4706,1,104
4707,1,106
4708,1,108
4709,1,112
4710,1,115
4711,1,119
4712,1,122
4713,1,126
4714,1,131
4715,1,135
4716,1,139
4717,1,144
4718,1,148
4719,1,152
4720,1,157
4721,1,162
4722,1,165
4723,1,169
4724,1,173
4725,1,176
4726,1,179
4727,1,183
4728,1,185
4729,1,187
4730,1,190
4731,1,193
4732,1,196
4733,1,198
4734,1,200
4735,1,201
4736,1,203
4737,1,204
4738,1,206
4739,1,208
4740,1,210
4741,1,212
4742,1,214
4743,1,216
4744,1,217
4745,1,218
4746,1,220
4747,1,222
4748,1,224
4749,1,226
4750,1,228
4751,1,231
4752,1,233
4753,1,235
4754,1,238
4755,1,240
4756,1,242
4757,1,244
4758,1,247
4759,1,249
4760,1,251
4761,1,252
4762,1,252
4763,1,253
4764,1,254
4765,1,254
4766,1,256
4767,1,257
4768,1,257
4769,1,260
4770,1,262
4771,1,264
4772,1,266
4773,1,268
4774,1,271
4775,1,273
4776,1,275
4777,1,279
4778,1,283
4779,1,286
4780,1,289
4781,1,291
4782,1,293
4783,1,294
4784,1,296
4785,1,298
4786,1,298
4787,1,298
4788,1,298
4789,1,298
4790,1,297
4791,1,295
4792,1,292
4793,1,289
4794,1,286
4795,1,283
4796,1,281
4797,1,277
4798,1,272
4799,1,269
4800,1,265
4801,1,261
4802,1,257
4803,1,254
4804,1,250
4805,1,247
4806,1,243
4807,1,239
4808,1,236
4809,1,233
4810,1,230
4811,1,227
4812,1,223
4813,1,220
4814,1,217
4815,1,214
4816,1,211
4817,1,208
4818,1,205
4819,1,202
4820,1,199
4821,1,196
4822,1,193
4823,1,190
4824,1,187
4825,1,185
4826,1,182
4827,1,180
4828,1,177
4829,1,175
4830,1,173
4831,1,170
4832,1,168
4833,1,166
4834,1,164
4835,1,162
4836,1,159
4837,1,157
4838,1,154
4839,1,152
4840,1,150
4841,1,147
4842,1,144
4843,1,142
4844,1,140
4845,1,138
4846,1,135
4847,1,133
4848,1,131
4849,1,130
4850,1,128
4851,1,126
4852,1,123
4853,1,121
4854,1,120
4855,1,117
4856,1,116
4857,1,114
4858,1,112
4859,1,111
4860,1,111
4861,1,110
4862,1,109
4863,1,107
4864,1,107
4865,1,106
4866,1,105
4867,1,105
4868,1,104
4869,1,103
4870,1,101
4871,1,99
4872,1,97
4873,1,96
4874,1,93
4875,1,91
4876,1,88
4877,1,85
4878,1,83
4879,1,80
4880,1,77
4881,1,74
4882,1,72
4883,1,69
4884,1,66
4885,1,63
4886,1,60
4887,1,59
4888,1,57
4889,1,56
4890,1,55
4891,1,54
4892,1,54
4893,1,54
4894,1,54
4895,1,54
4896,1,54
4897,1,54
4898,1,54
4899,1,55
4900,1,55
4901,1,55
4902,1,55
4903,1,56
4904,1,56
4905,1,56
4906,1,55
4907,1,55
4908,1,55
4909,1,55
4910,1,54
4911,1,54
4912,1,54
4913,1,54
4914,1,54
4915,1,54
4916,1,54
4917,1,54
4918,1,54
4919,1,54
4920,1,53
4921,1,53
4922,1,54
4923,1,54
4924,1,54
4925,1,55
4926,1,55
4927,1,55
4928,1,56
4929,1,56
4930,1,57
4931,1,57
4932,1,56
4933,1,56
4934,1,56
4935,1,56
4936,1,57
4937,1,57
4938,1,57
4939,1,57
4940,1,57
4941,1,58
4942,1,58
4943,1,58
4944,1,59
4945,1,59
4946,1,60
4947,1,61
4948,1,62
4949,1,63
4950,1,64
4951,1,65
4952,1,66
4953,1,67
4954,1,67
4955,1,68
4956,1,68
4957,1,68
4958,1,68
4959,1,68
4960,1,68
4961,1,68
4962,1,67
4963,1,65
4964,1,64
4965,1,62
4966,1,61
4967,1,60
4968,1,59
4969,1,57
4970,1,56
4971,1,54
4972,1,54
4973,1,53
4974,1,52
4975,1,52
4976,1,52
4977,1,52
4978,1,52
4979,1,52
4980,1,52
4981,1,53
4982,1,53
4983,1,54
4984,1,55
4985,1,56
4986,1,57
4987,1,58
4988,1,59
4989,1,59
4990,1,60
4991,1,60
4992,1,60
4993,1,60
4994,1,60
4995,1,61
4996,1,61
4997,1,61
4998,1,61
4999,1,61
5000,1,60
5001,1,60
5002,1,60
5003,1,60
5004,1,60
5005,1,60
5006,1,60
5007,1,60
5008,1,60
5009,1,60
5010,1,60
5011,1,60
5012,1,60
5013,1,60
5014,1,60
5015,1,60
5016,1,60
5017,1,61
5018,1,62
5019,1,62
5020,1,63
5021,1,64
5022,1,65
5023,1,67
5024,1,69
5025,1,70
5026,1,71
5027,1,73
5028,1,75
5029,1,76
5030,1,78
5031,1,79
5032,1,80
5033,1,81
5034,1,82
5035,1,83
5036,1,85
5037,1,86
5038,1,87
5039,1,88
5040,1,88
5041,1,88
5042,1,89
5043,1,90
5044,1,91
5045,1,91
5046,1,91
5047,1,92
5048,1,92
5049,1,92
5050,1,92
5051,1,92
5052,1,92
5053,1,92
5054,1,91
5055,1,90
5056,1,89
5057,1,89
5058,1,87
5059,1,86
5060,1,84
5061,1,82
5062,1,80
5063,1,79
5064,1,78
5065,1,77
5066,1,76
5067,1,76
5068,1,77
5069,1,78
5070,1,78
5071,1,79
5072,1,81
5073,1,82
5074,1,82
5075,1,83
5076,1,84
5077,1,85
5078,1,86
5079,1,86
5080,1,87
5081,1,88
5082,1,88
5083,1,88
5084,1,89
5085,1,90
5086,1,90
5087,1,90
5088,1,90
5089,1,91
5090,1,91
5091,1,90
5092,1,90
5093,1,91
5094,1,91
5095,1,91
5096,1,91
5097,1,91
5098,1,91
5099,1,92
5100,1,92
5101,1,93
5102,1,94
5103,1,94
5104,1,95
5105,1,95
5106,1,96
5107,1,96
5108,1,97
5109,1,98
5110,1,99
5111,1,99
5112,1,99
5113,1,100
5114,1,101
5115,1,102
5116,1,102
5117,1,101
5118,1,101
5119,1,101
5120,1,100
5121,1,100
5122,1,99
5123,1,98
5124,1,98
5125,1,97
5126,1,97
5127,1,96
5128,1,97
5129,1,96
5130,1,96
5131,1,96
5132,1,95
5133,1,96
5134,1,96
5135,1,96
5136,1,97
5137,1,97
5138,1,97
5139,1,97
5140,1,97
5141,1,96
5142,1,95
5143,1,94
5144,1,93
5145,1,91
5146,1,89
5147,1,88
5148,1,86
5149,1,84
5150,1,82
5151,1,80
5152,1,77
5153,1,75
5154,1,73
5155,1,72
5156,1,70
5157,1,70
5158,1,69
5159,1,68
5160,1,68
5161,1,69
5162,1,70
5163,1,71
5164,1,72
5165,1,72
5166,1,73
5167,1,74
5168,1,75
5169,1,76
5170,1,77
5171,1,77
5172,1,78
5173,1,79
5174,1,79
5175,1,79
5176,1,79
5177,1,80
5178,1,79
5179,1,79
5180,1,79
5181,1,79
5182,1,79
5183,1,79
5184,1,79
5185,1,79
5186,1,78
5187,1,78
5188,1,78
5189,1,78
5190,1,78
5191,1,78
5192,1,78
5193,1,78
5194,1,78
5195,1,78
5196,1,79
5197,1,79
5198,1,80
5199,1,80
5200,1,81
5201,1,81
5202,1,82
5203,1,82
5204,1,83
5205,1,84
5206,1,85
5207,1,85
5208,1,86
5209,1,86
5210,1,87
5211,1,88
5212,1,87
5213,1,88
5214,1,88
5215,1,89
5216,1,89
5217,1,90
5218,1,91
5219,1,92
5220,1,93
5221,1,94
5222,1,96
5223,1,97
5224,1,98
5225,1,100
5226,1,101
5227,1,104
5228,1,106
5229,1,108
5230,1,110
5231,1,112
5232,1,113
5233,1,114
5234,1,115
5235,1,116
5236,1,116
5237,1,117
5238,1,117
5239,1,116
5240,1,115
5241,1,114
5242,1,112
5243,1,111
5244,1,110
5245,1,110
5246,1,109
5247,1,110
5248,1,109
5249,1,109
5250,1,109
5251,1,110
5252,1,112
5253,1,113
5254,1,116
5255,1,118
5256,1,121
5257,1,123
5258,1,126
5259,1,128
5260,1,130
5261,1,131
5262,1,134
5263,1,137
5264,1,139
5265,1,142
5266,1,144
5267,1,145
5268,1,148
5269,1,149
5270,1,150
5271,1,152
5272,1,153
5273,1,154
5274,1,156
5275,1,157
5276,1,159
5277,1,160
5278,1,161
5279,1,162
5280,1,164
5281,1,167
5282,1,169
5283,1,171
5284,1,173
5285,1,177
5286,1,179
5287,1,183
5288,1,186
5289,1,189
5290,1,193
5291,1,197
5292,1,199
5293,1,202
5294,1,205
5295,1,207
5296,1,208
5297,1,209
5298,1,209
5299,1,210
5300,1,211
5301,1,212
5302,1,212
5303,1,212
5304,1,213
5305,1,214
5306,1,215
5307,1,216
5308,1,218
5309,1,219
5310,1,221
5311,1,224
5312,1,226
5313,1,228
5314,1,230
5315,1,234
5316,1,238
5317,1,242
5318,1,245
5319,1,248
5320,1,252
5321,1,255
5322,1,256
5323,1,256
5324,1,256
5325,1,255
5326,1,254
5327,1,252
5328,1,251
5329,1,249
5330,1,248
5331,1,246
5332,1,242
5333,1,238
5334,1,235
5335,1,233
5336,1,231
5337,1,229
5338,1,228
5339,1,228
5340,1,229
5341,1,229
5342,1,229
5343,1,229
5344,1,229
5345,1,230
5346,1,232
5347,1,233
5348,1,235
5349,1,237
5350,1,241
5351,1,243
5352,1,244
5353,1,245
5354,1,246
5355,1,248
5356,1,248
5357,1,248
5358,1,248
5359,1,248
5360,1,248
5361,1,247
5362,1,245
5363,1,244
5364,1,242
5365,1,240
5366,1,237
5367,1,235
5368,1,233
5369,1,232
5370,1,231
5371,1,229
5372,1,226
5373,1,223
5374,1,221
5375,1,219
5376,1,216
5377,1,214
5378,1,213
5379,1,212
5380,1,212
5381,1,213
5382,1,213
5383,1,212
5384,1,213
5385,1,213
5386,1,213
5387,1,212
5388,1,212
5389,1,212
5390,1,212
5391,1,211
5392,1,211
5393,1,212
5394,1,213
5395,1,213
5396,1,212
5397,1,212
5398,1,212
5399,1,211
5400,1,212
5401,1,212
5402,1,212
5403,1,212
5404,1,213
5405,1,214
5406,1,216
5407,1,216
5408,1,217
5409,1,218
5410,1,219
5411,1,220
5412,1,219
5413,1,217
5414,1,215
5415,1,213
5416,1,210
5417,1,208
5418,1,205
5419,1,202
5420,1,199
5421,1,196
5422,1,190
5423,1,185
5424,1,181
5425,1,177
5426,1,172
5427,1,168
5428,1,164
5429,1,161
5430,1,157
5431,1,154
5432,1,150
5433,1,147
5434,1,144
5435,1,142
5436,1,139
5437,1,137
5438,1,135
5439,1,133
5440,1,131
5441,1,128
5442,1,126
5443,1,124
5444,1,123
5445,1,121
5446,1,120
5447,1,118
5448,1,117
5449,1,116
5450,1,115
5451,1,113
5452,1,111
5453,1,110
5454,1,109
5455,1,108
5456,1,106
5457,1,105
5458,1,103
5459,1,102
5460,1,100
5461,1,99
5462,1,98
5463,1,97
5464,1,95
5465,1,94
5466,1,92
5467,1,91
5468,1,90
5469,1,90
5470,1,90
5471,1,90
5472,1,90
5473,1,89
5474,1,89
5475,1,90
5476,1,90
5477,1,90
5478,1,90
5479,1,90
5480,1,90
5481,1,90
5482,1,89
5483,1,89
5484,1,88
5485,1,88
5486,1,87
5487,1,87
5488,1,86
5489,1,86
5490,1,86
5491,1,86
5492,1,87
5493,1,87
5494,1,88
5495,1,88
5496,1,88
5497,1,89
5498,1,90
5499,1,90
5500,1,90
5501,1,90
5502,1,90
5503,1,90
5504,1,89
5505,1,89
5506,1,88
5507,1,87
5508,1,86
5509,1,85
5510,1,83
5511,1,81
5512,1,80
5513,1,79
5514,1,78
5515,1,76
5516,1,75
5517,1,73
5518,1,73
5519,1,72
5520,1,71
5521,1,70
5522,1,69
5523,1,68
5524,1,67
5525,1,67
5526,1,66
5527,1,65
5528,1,64
5529,1,63
5530,1,61
5531,1,60
5532,1,59
5533,1,58
5534,1,56
5535,1,55
5536,1,53
5537,1,52
5538,1,51
5539,1,50
5540,1,48
5541,1,47
5542,1,46
5543,1,44
5544,1,43
5545,1,42
5546,1,42
5547,1,42
5548,1,41
5549,1,41
5550,1,41
5551,1,41
5552,1,41
5553,1,41
5554,1,42
5555,1,42
5556,1,42
5557,1,42
5558,1,43
5559,1,43
5560,1,43
5561,1,44
5562,1,44
5563,1,44
5564,1,44
5565,1,44
5566,1,44
5567,1,45
5568,1,44
5569,1,45
5570,1,45
5571,1,45
5572,1,44
5573,1,44
5574,1,44
5575,1,43
5576,1,43
5577,1,43
5578,1,43
5579,1,43
5580,1,43
5581,1,43
5582,1,43
5583,1,43
5584,1,43
5585,1,44
5586,1,44
5587,1,44
5588,1,44
5589,1,44
5590,1,44
5591,1,44
5592,1,43
5593,1,43
5594,1,43
5595,1,42
5596,1,42
5597,1,42
5598,1,41
5599,1,40
5600,1,40
5601,1,39
5602,1,37
5603,1,36
5604,1,35
5605,1,34
5606,1,33
5607,1,33
5608,1,33
5609,1,33
5610,1,32
5611,1,33
5612,1,32
5613,1,32
5614,1,32
5615,1,32
5616,1,32
5617,1,32
5618,1,33
5619,1,33
5620,1,34
5621,1,34
5622,1,34
5623,1,34
5624,1,34
5625,1,34
5626,1,33
5627,1,33
5628,1,33
5629,1,33
5630,1,32
5631,1,31
5632,1,31
5633,1,31
5634,1,31
5635,1,31
5636,1,31
5637,1,31
5638,1,32
5639,1,32
5640,1,33
5641,1,34
5642,1,35
5643,1,36
5644,1,38
5645,1,39
5646,1,40
5647,1,41
5648,1,43
5649,1,44
5650,1,45
5651,1,46
5652,1,47
5653,1,47
5654,1,48
5655,1,48
5656,1,49
5657,1,49
5658,1,49
5659,1,48
5660,1,48
5661,1,47
5662,1,46
5663,1,44
5664,1,43
5665,1,42
5666,1,41
5667,1,40
5668,1,39
5669,1,38
5670,1,37
5671,1,36
5672,1,35
5673,1,34
5674,1,34
5675,1,33
5676,1,33
5677,1,33
5678,1,33
5679,1,33
5680,1,32
5681,1,31
5682,1,31
5683,1,30
5684,1,29
5685,1,28
5686,1,27
5687,1,26
5688,1,26
5689,1,25
5690,1,23
5691,1,22
5692,1,22
5693,1,21
5694,1,20
5695,1,19
5696,1,19
5697,1,19
5698,1,19
5699,1,19
5700,1,19
5701,1,19
5702,1,19
5703,1,19
5704,1,19
5705,1,19
5706,1,19
5707,1,19
5708,1,20
5709,1,20
5710,1,20
5711,1,20
5712,1,20
5713,1,20
5714,1,20
5715,1,20
5716,1,19
5717,1,19
5718,1,19
5719,1,18
5720,1,18
5721,1,17
5722,1,17
5723,1,17
5724,1,16
5725,1,16
5726,1,16
5727,1,15
5728,1,15
5729,1,15
5730,1,14
5731,1,14
5732,1,14
5733,1,14
5734,1,14
5735,1,14
5736,1,14
5737,1,14
5738,1,14
5739,1,13
5740,1,13
5741,1,12
5742,1,12
5743,1,11
5744,1,11
5745,1,11
5746,1,10
5747,1,10
5748,1,9
5749,1,8
5750,1,7
5751,1,7
5752,1,6
5753,1,6
5754,1,5
5755,1,4
5756,1,3
5757,1,2
5758,1,1
5759,1,0
5760,1,0
5761,1,0
5762,1,0
5763,1,0
5764,1,0
5765,1,0
5766,1,0
5767,1,0
5768,1,0
5769,1,0
5770,1,0
5771,1,0
5772,1,0
5773,1,0
5774,1,0
5775,1,0
5776,1,0
5777,1,0
5778,1,0
5779,1,0
5780,1,0
5781,1,0
5782,1,0
5783,1,0
5784,1,0
5785,1,0
5786,1,0
5787,1,0
5788,1,0
5789,1,0
5790,1,0
5791,1,0
5792,1,0
5793,1,0
5794,1,0
5795,1,0
5796,1,0
5797,1,0
5798,1,0
5799,1,0
5800,1,0
5801,1,0
5802,1,0
5803,1,0
5804,1,0
5805,1,0
5806,1,0
5807,1,0
5808,1,0
5809,1,0
5810,1,0
5811,1,0
5812,1,0
5813,1,0
5814,1,0
5815,1,0
5816,1,0
5817,1,0
5818,1,0
5819,1,0
5820,1,0
5821,1,0
5822,1,0
5823,1,0
5824,1,0
5825,1,0
5826,1,0
5827,1,0
5828,1,0
5829,1,0
5830,1,0
5831,1,1
5832,1,1
5833,1,1
5834,1,1
5835,1,1
5836,1,1
5837,1,1
5838,1,1
5839,1,1
5840,1,1
5841,1,1
5842,1,1
5843,1,1
5844,1,1
5845,1,1
5846,1,1
5847,1,1
5848,1,1
5849,1,1
5850,1,1
5851,1,1
5852,1,1
5853,1,1
5854,1,1
5855,1,1
5856,1,1
5857,1,1
5858,1,1
5859,1,1
5860,1,1
5861,1,1
5862,1,1
5863,1,1
5864,1,1
5865,1,1
5866,1,1
5867,1,1
5868,1,1
5869,1,0
5870,1,0
5871,1,0
5872,1,0
5873,1,0
5874,1,0
5875,1,0
5876,1,0
5877,1,0
5878,1,0
5879,1,0
5880,1,0
5881,1,0
5882,1,0
5883,1,0
5884,1,0
5885,1,0
5886,1,0
5887,1,0
5888,1,0
5889,1,0
5890,1,0
5891,1,0
5892,1,0
5893,1,0
5894,1,0
5895,1,0
5896,1,0
5897,1,0
5898,1,0
5899,1,0
5900,1,0
5901,1,0
5902,1,0
5903,1,0
5904,1,0
5905,1,0
5906,1,0
5907,1,1
5908,1,1
5909,1,1
5910,1,1
5911,1,1
5912,1,1
5913,1,1
5914,1,1
5915,1,1
5916,1,1
5917,1,1
5918,1,1
5919,1,1
5920,1,1
5921,1,1
5922,1,1
5923,1,1
5924,1,1
5925,1,1
5926,1,1
5927,1,1
5928,1,1
5929,1,1
5930,1,1
5931,1,1
5932,1,1
5933,1,1
5934,1,1
5935,1,1
5936,1,1
5937,1,1
5938,1,1
5939,1,1
5940,1,1
5941,1,1
5942,1,1
5943,1,1
5944,1,1
5945,1,1
5946,1,1
5947,1,1
5948,1,1
5949,1,1
5950,1,1
5951,1,1
5952,1,1
5953,1,1
5954,1,1
5955,1,1
5956,1,1
5957,1,1
5958,1,1
5959,1,1
5960,1,1
5961,1,0
5962,1,0
5963,1,0
5964,1,0
5965,1,0
5966,1,0
5967,1,0
5968,1,0
5969,1,0
5970,1,0
5971,1,0
5972,1,0
5973,1,0
5974,1,1
5975,1,1
5976,1,1
5977,1,1
5978,1,1
5979,1,1
5980,1,1
5981,1,1
5982,1,2
5983,1,2
5984,1,2
5985,1,2
5986,1,2
5987,1,2
5988,1,2
5989,1,2
5990,1,2
5991,1,2
5992,1,2
5993,1,2
5994,1,3
5995,1,3
5996,1,3
5997,1,3
5998,1,3
5999,1,3
6000,1,3
6001,1,3
6002,1,3
6003,1,3
6004,1,3
6005,1,3
6006,1,3
6007,1,3
6008,1,3
6009,1,3
6010,1,3
6011,1,2
6012,1,2
6013,1,2
6014,1,2
6015,1,2
6016,1,2
6017,1,2
6018,1,3
6019,1,3
6020,1,3
6021,1,3
6022,1,3
6023,1,3
6024,1,3
6025,1,3
6026,1,3
6027,1,4
6028,1,4
6029,1,4
6030,1,4
6031,1,4
6032,1,4
6033,1,4
6034,1,4
6035,1,4
6036,1,4
6037,1,4
6038,1,4
6039,1,4
6040,1,4
6041,1,5
6042,1,5
6043,1,5
6044,1,5
6045,1,5
6046,1,6
6047,1,6
6048,1,6
6049,1,6
6050,1,6
6051,1,6
6052,1,6
6053,1,6
6054,1,6
6055,1,7
6056,1,7
6057,1,7
6058,1,7
6059,1,8
6060,1,8
6061,1,8
6062,1,8
6063,1,8
6064,1,9
6065,1,9
6066,1,10
6067,1,10
6068,1,10
6069,1,11
6070,1,12
6071,1,12
6072,1,13
6073,1,13
6074,1,14
6075,1,15
6076,1,16
6077,1,16
6078,1,17
6079,1,18
6080,1,19
6081,1,20
6082,1,21
6083,1,21
6084,1,22
6085,1,23
6086,1,23
6087,1,24
6088,1,25
6089,1,26
6090,1,27
6091,1,27
6092,1,28
6093,1,29
6094,1,30
6095,1,30
6096,1,32
6097,1,33
6098,1,33
6099,1,35
6100,1,36
6101,1,37
6102,1,38
6103,1,39
6104,1,41
6105,1,42
6106,1,43
6107,1,43
6108,1,45
6109,1,46
6110,1,47
6111,1,48
6112,1,49
6113,1,50
6114,1,50
6115,1,51
6116,1,51
6117,1,52
6118,1,53
6119,1,54
6120,1,55
6121,1,56
6122,1,58
6123,1,59
6124,1,60
6125,1,62
6126,1,63
6127,1,65
6128,1,66
6129,1,69
6130,1,71
6131,1,73
6132,1,75
6133,1,77
6134,1,79
6135,1,81
6136,1,83
6137,1,85
6138,1,87
6139,1,88
6140,1,91
6141,1,92
6142,1,94
6143,1,96
6144,1,98
6145,1,101
6146,1,103
6147,1,107
6148,1,109
6149,1,112
6150,1,115
6151,1,119
6152,1,123
6153,1,127
6154,1,130
6155,1,134
6156,1,139
6157,1,143
6158,1,148
6159,1,153
6160,1,157
6161,1,161
6162,1,165
6163,1,169
6164,1,173
6165,1,176
6166,1,179
6167,1,183
6168,1,185
6169,1,188
6170,1,191
6171,1,193
6172,1,195
6173,1,197
6174,1,198
6175,1,200
6176,1,202
6177,1,203
6178,1,205
6179,1,207
6180,1,209
6181,1,211
6182,1,213
6183,1,215
6184,1,217
6185,1,219
6186,1,221
6187,1,224
6188,1,227
6189,1,229
6190,1,231
6191,1,234
6192,1,235
6193,1,238
6194,1,240
6195,1,243
6196,1,245
6197,1,248
6198,1,251
6199,1,254
6200,1,257
6201,1,259
6202,1,261
6203,1,263
6204,1,264
6205,1,266
6206,1,268
6207,1,269
6208,1,270
6209,1,272
6210,1,275
6211,1,276
6212,1,278
6213,1,280
6214,1,282
6215,1,285
6216,1,288
6217,1,289
6218,1,291
6219,1,294
6220,1,297
6221,1,299
6222,1,300
6223,1,301
6224,1,303
6225,1,304
6226,1,305
6227,1,305
6228,1,304
6229,1,304
6230,1,303
6231,1,302
6232,1,300
6233,1,297
6234,1,293
6235,1,290
6236,1,286
6237,1,283
6238,1,279
6239,1,275
6240,1,271
6241,1,266
6242,1,262
6243,1,257
6244,1,253
6245,1,249
6246,1,245
6247,1,242
6248,1,239
6249,1,236
6250,1,233
6251,1,230
6252,1,226
6253,1,222
6254,1,219
6255,1,217
6256,1,213
6257,1,210
6258,1,206
6259,1,203
6260,1,201
6261,1,197
6262,1,194
6263,1,191
6264,1,188
6265,1,186
6266,1,183
6267,1,181
6268,1,178
6269,1,176
6270,1,174
6271,1,171
6272,1,168
6273,1,166
6274,1,164
6275,1,162
6276,1,159
6277,1,157
6278,1,154
6279,1,152
6280,1,149
6281,1,146
6282,1,144
6283,1,141
6284,1,139
6285,1,137
6286,1,134
6287,1,132
6288,1,130
6289,1,129
6290,1,128
6291,1,126
6292,1,124
6293,1,122
6294,1,121
6295,1,119
6296,1,117
6297,1,114
6298,1,112
6299,1,111
6300,1,110
6301,1,108
6302,1,108
6303,1,107
6304,1,106
6305,1,105
6306,1,104
6307,1,104
6308,1,103
6309,1,102
6310,1,100
6311,1,99
6312,1,97
6313,1,94
6314,1,91
6315,1,89
6316,1,86
6317,1,84
6318,1,82
6319,1,79
6320,1,77
6321,1,74
6322,1,71
6323,1,68
6324,1,66
6325,1,63
6326,1,61
6327,1,59
6328,1,57
6329,1,56
6330,1,55
6331,1,55
6332,1,54
6333,1,53
6334,1,53
6335,1,53
6336,1,53
6337,1,53
6338,1,54
6339,1,54
6340,1,55
6341,1,55
6342,1,55
6343,1,54
6344,1,55
6345,1,55
6346,1,55
6347,1,55
6348,1,55
6349,1,55
6350,1,54
6351,1,54
6352,1,54
6353,1,54
6354,1,53
6355,1,53
6356,1,54
6357,1,55
6358,1,55
6359,1,55
6360,1,55
6361,1,55
6362,1,55
6363,1,55
6364,1,55
6365,1,55
6366,1,55
6367,1,55
6368,1,55
6369,1,55
6370,1,56
6371,1,56
6372,1,56
6373,1,56
6374,1,56
6375,1,56
6376,1,56
6377,1,56
6378,1,56
6379,1,57
6380,1,58
6381,1,58
6382,1,58
6383,1,59
6384,1,59
6385,1,60
6386,1,60
6387,1,62
6388,1,63
6389,1,64
6390,1,65
6391,1,65
6392,1,66
6393,1,66
6394,1,66
6395,1,67
6396,1,67
6397,1,67
6398,1,68
6399,1,68
6400,1,67
6401,1,66
6402,1,65
6403,1,65
6404,1,64
6405,1,63
6406,1,62
6407,1,61
6408,1,59
6409,1,58
6410,1,56
6411,1,56
6412,1,55
6413,1,54
6414,1,53
6415,1,53
6416,1,53
6417,1,53
6418,1,52
6419,1,53
6420,1,53
6421,1,53
6422,1,54
6423,1,54
6424,1,55
6425,1,56
6426,1,56
6427,1,57
6428,1,58
6429,1,59
6430,1,59
6431,1,59
6432,1,59
6433,1,60
6434,1,59
6435,1,60
6436,1,60
6437,1,59
6438,1,59
6439,1,60
6440,1,60
6441,1,61
6442,1,61
6443,1,61
6444,1,61
6445,1,61
6446,1,61
6447,1,61
6448,1,61
6449,1,61
6450,1,62
6451,1,62
6452,1,62
6453,1,61
6454,1,61
6455,1,60
6456,1,60
6457,1,61
6458,1,62
6459,1,62
6460,1,63
6461,1,64
6462,1,66
6463,1,68
6464,1,69
6465,1,71
6466,1,72
6467,1,73
6468,1,75
6469,1,76
6470,1,77
6471,1,79
6472,1,80
6473,1,82
6474,1,83
6475,1,85
6476,1,85
6477,1,86
6478,1,87
6479,1,88
6480,1,88
6481,1,89
6482,1,90
6483,1,90
6484,1,90
6485,1,90
6486,1,90
6487,1,91
6488,1,92
6489,1,92
6490,1,91
6491,1,91
6492,1,91
6493,1,89
6494,1,89
6495,1,88
6496,1,87
6497,1,86
6498,1,86
6499,1,85
6500,1,83
6501,1,82
6502,1,81
6503,1,80
6504,1,80
6505,1,79
6506,1,78
6507,1,78
6508,1,78
6509,1,78
6510,1,78
6511,1,79
6512,1,80
6513,1,81
6514,1,82
6515,1,84
6516,1,84
6517,1,85
6518,1,86
6519,1,87
6520,1,87
6521,1,88
6522,1,88
6523,1,89
6524,1,89
6525,1,90
6526,1,89
6527,1,90
6528,1,90
6529,1,91
6530,1,91
6531,1,91
6532,1,91
6533,1,90
6534,1,90
6535,1,91
6536,1,91
6537,1,92
6538,1,92
6539,1,92
6540,1,93
6541,1,93
6542,1,93
6543,1,94
6544,1,95
6545,1,96
6546,1,97
6547,1,97
6548,1,98
6549,1,99
6550,1,99
6551,1,99
6552,1,100
6553,1,100
6554,1,100
6555,1,100
6556,1,101
6557,1,101
6558,1,101
6559,1,101
6560,1,101
6561,1,102
6562,1,101
6563,1,100
6564,1,99
6565,1,98
6566,1,97
6567,1,96
6568,1,96
6569,1,96
6570,1,95
6571,1,95
6572,1,95
6573,1,95
6574,1,95
6575,1,95
6576,1,95
6577,1,96
6578,1,96
6579,1,96
6580,1,96
6581,1,96
6582,1,95
6583,1,94
6584,1,92
6585,1,91
6586,1,89
6587,1,87
6588,1,85
6589,1,83
6590,1,81
6591,1,79
6592,1,77
6593,1,75
6594,1,73
6595,1,72
6596,1,71
6597,1,70
6598,1,70
6599,1,69
6600,1,69
6601,1,69
6602,1,69
6603,1,70
6604,1,70
6605,1,72
6606,1,72
6607,1,73
6608,1,74
6609,1,75
6610,1,76
6611,1,77
6612,1,78
6613,1,78
6614,1,79
6615,1,80
6616,1,80
6617,1,81
6618,1,81
6619,1,81
6620,1,80
6621,1,80
6622,1,80
6623,1,79
6624,1,78
6625,1,78
6626,1,77
6627,1,77
6628,1,78
6629,1,78
6630,1,78
6631,1,79
6632,1,79
6633,1,78
6634,1,78
6635,1,78
6636,1,78
6637,1,79
6638,1,79
6639,1,79
6640,1,80
6641,1,81
6642,1,82
6643,1,83
6644,1,83
6645,1,84
6646,1,85
6647,1,85
6648,1,85
6649,1,86
6650,1,86
6651,1,87
6652,1,88
6653,1,89
6654,1,89
6655,1,89
6656,1,90
6657,1,91
6658,1,91
6659,1,92
6660,1,93
6661,1,94
6662,1,95
6663,1,96
6664,1,98
6665,1,100
6666,1,102
6667,1,104
6668,1,107
6669,1,109
6670,1,110
6671,1,112
6672,1,113
6673,1,114
6674,1,115
6675,1,115
6676,1,114
6677,1,115
6678,1,114
6679,1,114
6680,1,113
6681,1,112
6682,1,112
6683,1,111
6684,1,111
6685,1,110
6686,1,109
6687,1,108
6688,1,109
6689,1,109
6690,1,110
6691,1,111
6692,1,113
6693,1,115
6694,1,116
6695,1,118
6696,1,120
6697,1,122
6698,1,125
6699,1,127
6700,1,130
6701,1,133
6702,1,135
6703,1,138
6704,1,140
6705,1,142
6706,1,143
6707,1,145
6708,1,146
6709,1,148
6710,1,150
6711,1,152
6712,1,153
6713,1,154
6714,1,155
6715,1,157
6716,1,159
6717,1,160
6718,1,162
6719,1,163
6720,1,165
6721,1,167
6722,1,169
6723,1,171
6724,1,174
6725,1,178
6726,1,182
6727,1,186
6728,1,189
6729,1,192
6730,1,195
6731,1,198
6732,1,201
6733,1,203
6734,1,204
6735,1,206
6736,1,208
6737,1,209
6738,1,210
6739,1,211
6740,1,211
6741,1,212
6742,1,213
6743,1,213
6744,1,212
6745,1,213
6746,1,214
6747,1,215
6748,1,217
6749,1,219
6750,1,221
6751,1,223
6752,1,225
6753,1,229
6754,1,232
6755,1,235
6756,1,237
6757,1,240
6758,1,244
6759,1,248
6760,1,251
6761,1,253
6762,1,254
6763,1,254
6764,1,254
6765,1,255
6766,1,255
6767,1,254
6768,1,252
6769,1,251
6770,1,249
6771,1,247
6772,1,244
6773,1,242
6774,1,240
6775,1,240
6776,1,239
6777,1,239
6778,1,239
6779,1,238
6780,1,238
6781,1,239
6782,1,240
6783,1,240
6784,1,241
6785,1,243
6786,1,245
6787,1,246
6788,1,247
6789,1,247
6790,1,248
6791,1,248
6792,1,249
6793,1,250
6794,1,251
6795,1,251
6796,1,252
6797,1,252
6798,1,253
6799,1,252
6800,1,252
6801,1,251
6802,1,249
6803,1,248
6804,1,247
6805,1,245
6806,1,243
6807,1,242
6808,1,240
6809,1,239
6810,1,238
6811,1,236
6812,1,234
6813,1,233
6814,1,233
6815,1,232
6816,1,231
6817,1,231
6818,1,231
6819,1,231
6820,1,231
6821,1,232
6822,1,232
6823,1,233
6824,1,233
6825,1,233
6826,1,233
6827,1,234
6828,1,234
6829,1,234
6830,1,236
6831,1,236
6832,1,236
6833,1,238
6834,1,238
6835,1,239
6836,1,239
6837,1,238
6838,1,239
6839,1,239
6840,1,241
6841,1,241
6842,1,241
6843,1,241
6844,1,241
6845,1,242
6846,1,242
6847,1,242
6848,1,242
6849,1,243
6850,1,242
6851,1,241
6852,1,238
6853,1,236
6854,1,234
6855,1,232
6856,1,228
6857,1,225
6858,1,222
6859,1,218
6860,1,213
6861,1,209
6862,1,204
6863,1,200
6864,1,195
6865,1,190
6866,1,185
6867,1,180
6868,1,175
6869,1,171
6870,1,169
6871,1,164
6872,1,160
6873,1,156
6874,1,152
6875,1,149
6876,1,146
6877,1,141
6878,1,138
6879,1,135
6880,1,132
6881,1,130
6882,1,128
6883,1,126
6884,1,123
6885,1,122
6886,1,120
6887,1,119
6888,1,117
6889,1,116
6890,1,115
6891,1,113
6892,1,111
6893,1,110
6894,1,109
6895,1,108
6896,1,106
6897,1,105
6898,1,104
6899,1,102
6900,1,101
6901,1,99
6902,1,97
6903,1,96
6904,1,95
6905,1,94
6906,1,92
6907,1,91
6908,1,90
6909,1,90
6910,1,90
6911,1,89
6912,1,89
6913,1,89
6914,1,90
6915,1,91
6916,1,91
6917,1,92
6918,1,92
6919,1,92
6920,1,92
6921,1,91
6922,1,90
6923,1,89
6924,1,89
6925,1,88
6926,1,88
6927,1,88
6928,1,88
6929,1,88
6930,1,88
6931,1,89
6932,1,89
6933,1,90
6934,1,90
6935,1,90
6936,1,91
6937,1,92
6938,1,93
6939,1,93
6940,1,93
6941,1,93
6942,1,92
6943,1,91
6944,1,90
6945,1,90
6946,1,89
6947,1,88
6948,1,86
6949,1,85
6950,1,83
6951,1,82
6952,1,80
6953,1,80
6954,1,78
6955,1,77
6956,1,76
6957,1,74
6958,1,73
6959,1,72
6960,1,72
6961,1,72
6962,1,72
6963,1,71
6964,1,70
6965,1,68
6966,1,67
6967,1,66
6968,1,66
6969,1,65
6970,1,64
6971,1,62
6972,1,61
6973,1,60
6974,1,58
6975,1,57
6976,1,55
6977,1,53
6978,1,52
6979,1,50
6980,1,49
6981,1,47
6982,1,46
6983,1,45
6984,1,45
6985,1,44
6986,1,44
6987,1,43
6988,1,43
6989,1,43
6990,1,42
6991,1,41
6992,1,42
6993,1,42
6994,1,43
6995,1,43
6996,1,44
6997,1,44
6998,1,45
6999,1,45
7000,1,45
7001,1,45
7002,1,46
7003,1,46
7004,1,46
7005,1,46
7006,1,46
7007,1,47
7008,1,47
7009,1,47
7010,1,47
7011,1,47
7012,1,47
7013,1,47
7014,1,47
7015,1,46
7016,1,46
7017,1,46
7018,1,45
7019,1,45
7020,1,44
7021,1,44
7022,1,45
7023,1,45
7024,1,45
7025,1,45
7026,1,46
7027,1,46
7028,1,47
7029,1,47
7030,1,47
7031,1,47
7032,1,46
7033,1,46
7034,1,46
7035,1,45
7036,1,44
7037,1,43
7038,1,42
7039,1,41
7040,1,40
7041,1,39
7042,1,38
7043,1,37
7044,1,36
7045,1,35
7046,1,35
7047,1,34
7048,1,34
7049,1,33
7050,1,33
7051,1,33
7052,1,32
7053,1,33
7054,1,33
7055,1,33
7056,1,33
7057,1,33
7058,1,33
7059,1,34
7060,1,34
7061,1,34
7062,1,34
7063,1,34
7064,1,34
7065,1,34
7066,1,33
7067,1,33
7068,1,33
7069,1,33
7070,1,32
7071,1,32
7072,1,32
7073,1,31
7074,1,31
7075,1,31
7076,1,31
7077,1,31
7078,1,32
7079,1,33
7080,1,34
7081,1,35
7082,1,36
7083,1,37
7084,1,38
7085,1,39
7086,1,41
7087,1,42
7088,1,43
7089,1,45
7090,1,46
7091,1,47
7092,1,47
7093,1,47
7094,1,48
7095,1,48
7096,1,48
7097,1,48
7098,1,48
7099,1,48
7100,1,47
7101,1,46
7102,1,45
7103,1,44
7104,1,43
7105,1,42
7106,1,41
7107,1,40
7108,1,39
7109,1,38
7110,1,38
7111,1,37
7112,1,36
7113,1,36
7114,1,35
7115,1,35
7116,1,34
7117,1,34
7118,1,33
7119,1,33
7120,1,32
7121,1,31
7122,1,31
7123,1,30
7124,1,29
7125,1,28
7126,1,28
7127,1,27
7128,1,26
7129,1,25
7130,1,24
7131,1,23
7132,1,22
7133,1,21
7134,1,20
7135,1,20
7136,1,20
7137,1,19
7138,1,19
7139,1,19
7140,1,19
7141,1,19
7142,1,19
7143,1,19
7144,1,19
7145,1,19
7146,1,19
7147,1,19
7148,1,20
7149,1,20
7150,1,20
7151,1,20
7152,1,20
7153,1,20
7154,1,20
7155,1,20
7156,1,19
7157,1,19
7158,1,19
7159,1,18
7160,1,18
7161,1,17
7162,1,17
7163,1,17
7164,1,17
7165,1,16
7166,1,16
7167,1,16
7168,1,15
7169,1,15
7170,1,15
7171,1,15
7172,1,15
7173,1,15
7174,1,14
7175,1,14
7176,1,14
7177,1,14
7178,1,13
7179,1,13
7180,1,13
7181,1,13
7182,1,12
7183,1,11
7184,1,11
7185,1,11
7186,1,10
7187,1,10
7188,1,9
7189,1,9
7190,1,8
7191,1,8
7192,1,7
7193,1,6
7194,1,5
7195,1,4
7196,1,3
7197,1,2
7198,1,1
7199,1,0
7200,1,0
7201,1,0
7202,1,0
7203,1,0
7204,1,0
7205,1,0
7206,1,0
7207,1,0
7208,1,0
7209,1,0
7210,1,0
7211,1,0
7212,1,0
7213,1,0
7214,1,0
7215,1,0
7216,1,0
7217,1,0
7218,1,0
7219,1,0
7220,1,0
7221,1,0
7222,1,0
7223,1,0
7224,1,0
7225,1,0
7226,1,0
7227,1,0
7228,1,0
7229,1,0
7230,1,0
7231,1,0
7232,1,0
7233,1,0
7234,1,0
7235,1,0
7236,1,0
7237,1,0
7238,1,0
7239,1,0
7240,1,0
7241,1,0
7242,1,0
7243,1,0
7244,1,0
7245,1,0
7246,1,0
7247,1,0
7248,1,0
7249,1,0
7250,1,0
7251,1,0
7252,1,0
7253,1,0
7254,1,0
7255,1,0
7256,1,0
7257,1,0
7258,1,0
7259,1,0
7260,1,0
7261,1,0
7262,1,0
7263,1,0
7264,1,0
7265,1,0
7266,1,0
7267,1,0
7268,1,0
7269,1,0
7270,1,0
7271,1,0
7272,1,0
7273,1,0
7274,1,0
7275,1,0
7276,1,0
7277,1,0
7278,1,1
7279,1,1
7280,1,1
7281,1,1
7282,1,1
7283,1,1
7284,1,1
7285,1,1
7286,1,1
7287,1,1
7288,1,1
7289,1,1
7290,1,1
7291,1,1
7292,1,1
7293,1,1
7294,1,1
7295,1,1
7296,1,1
7297,1,1
7298,1,1
7299,1,1
7300,1,1
7301,1,1
7302,1,1
7303,1,1
7304,1,1
7305,1,1
7306,1,1
7307,1,1
7308,1,1
7309,1,1
7310,1,1
7311,1,1
7312,1,1
7313,1,1
7314,1,1
7315,1,1
7316,1,1
7317,1,1
7318,1,1
7319,1,1
7320,1,0
7321,1,0
7322,1,0
7323,1,0
7324,1,0
7325,1,0
7326,1,0
7327,1,0
7328,1,0
7329,1,0
7330,1,0
7331,1,0
7332,1,0
7333,1,0
7334,1,0
7335,1,0
7336,1,0
7337,1,0
7338,1,0
7339,1,0
7340,1,0
7341,1,0
7342,1,0
7343,1,0
7344,1,0
7345,1,0
7346,1,0
7347,1,0
7348,1,0
7349,1,0
7350,1,0
7351,1,0
7352,1,0
7353,1,0
7354,1,0
7355,1,0
7356,1,0
7357,1,1
7358,1,1
7359,1,1
7360,1,1
7361,1,1
7362,1,1
7363,1,1
7364,1,1
7365,1,1
7366,1,1
7367,1,1
7368,1,1
7369,1,1
7370,1,1
7371,1,1
7372,1,1
7373,1,1
7374,1,1
7375,1,1
7376,1,1
7377,1,1
7378,1,1
7379,1,1
7380,1,1
7381,1,1
7382,1,1
7383,1,1
7384,1,1
7385,1,1
7386,1,1
7387,1,1
7388,1,1
7389,1,1
7390,1,1
7391,1,1
7392,1,1
7393,1,1
7394,1,1
7395,1,1
7396,1,1
7397,1,1
7398,1,1
7399,1,1
7400,1,1
7401,1,1
7402,1,1
7403,1,1
7404,1,1
7405,1,1
7406,1,1
7407,1,1
7408,1,1
7409,1,1
7410,1,1
7411,1,1
7412,1,1
7413,1,1
7414,1,1
7415,1,1
7416,1,1
7417,1,1
7418,1,1
7419,1,1
7420,1,1
7421,1,1
7422,1,1
7423,1,1
7424,1,1
7425,1,1
7426,1,1
7427,1,1
7428,1,1
7429,1,1
7430,1,1
7431,1,2
7432,1,2
7433,1,2
7434,1,2
7435,1,2
7436,1,2
7437,1,2
7438,1,2
7439,1,2
7440,1,2
7441,1,2
7442,1,3
7443,1,3
7444,1,3
7445,1,3
7446,1,3
7447,1,3
7448,1,3
7449,1,2
7450,1,2
7451,1,3
7452,1,3
7453,1,3
7454,1,3
7455,1,3
7456,1,3
7457,1,3
7458,1,3
7459,1,3
7460,1,3
7461,1,3
7462,1,3
7463,1,3
7464,1,3
7465,1,3
7466,1,3
7467,1,3
7468,1,3
7469,1,3
7470,1,3
7471,1,3
7472,1,3
7473,1,3
7474,1,3
7475,1,3
7476,1,3
7477,1,3
7478,1,4
7479,1,4
7480,1,4
7481,1,4
7482,1,4
7483,1,4
7484,1,4
7485,1,4
7486,1,5
7487,1,5
7488,1,5
7489,1,5
7490,1,5
7491,1,5
7492,1,5
7493,1,5
7494,1,5
7495,1,5
7496,1,5
7497,1,6
7498,1,6
7499,1,6
7500,1,7
7501,1,7
7502,1,7
7503,1,7
7504,1,7
7505,1,7
7506,1,8
7507,1,8
7508,1,8
7509,1,9
7510,1,9
7511,1,10
7512,1,10
7513,1,10
7514,1,11
7515,1,11
7516,1,12
7517,1,13
7518,1,13
7519,1,14
7520,1,15
7521,1,15
7522,1,16
7523,1,17
7524,1,17
7525,1,18
7526,1,19
7527,1,19
7528,1,20
7529,1,21
7530,1,22
7531,1,22
7532,1,23
7533,1,23
7534,1,24
7535,1,25
7536,1,26
7537,1,27
7538,1,27
7539,1,28
7540,1,29
7541,1,30
7542,1,31
7543,1,32
7544,1,33
7545,1,34
7546,1,35
7547,1,36
7548,1,37
7549,1,38
7550,1,40
7551,1,41
7552,1,42
7553,1,43
7554,1,44
7555,1,44
7556,1,45
7557,1,46
7558,1,47
7559,1,48
7560,1,49
7561,1,50
7562,1,51
7563,1,53
7564,1,54
7565,1,55
7566,1,56
7567,1,57
7568,1,57
7569,1,59
7570,1,61
7571,1,62
7572,1,64
7573,1,65
7574,1,67
7575,1,68
7576,1,69
7577,1,71
7578,1,73
7579,1,75
7580,1,76
7581,1,78
7582,1,80
7583,1,83
7584,1,85
7585,1,88
7586,1,90
7587,1,92
7588,1,94
7589,1,97
7590,1,99
7591,1,101
7592,1,103
7593,1,106
7594,1,109
7595,1,113
7596,1,116
7597,1,120
7598,1,123
7599,1,126
7600,1,128
7601,1,132
7602,1,135
7603,1,138
7604,1,141
7605,1,144
7606,1,147
7607,1,151
7608,1,155
7609,1,159
7610,1,162
7611,1,166
7612,1,170
7613,1,173
7614,1,175
7615,1,178
7616,1,180
7617,1,183
7618,1,185
7619,1,189
7620,1,191
7621,1,194
7622,1,196
7623,1,199
7624,1,202
7625,1,204
7626,1,206
7627,1,208
7628,1,211
7629,1,213
7630,1,215
7631,1,217
7632,1,219
7633,1,221
7634,1,224
7635,1,226
7636,1,228
7637,1,230
7638,1,232
7639,1,235
7640,1,237
7641,1,240
7642,1,242
7643,1,244
7644,1,246
7645,1,248
7646,1,249
7647,1,252
7648,1,253
7649,1,254
7650,1,256
7651,1,259
7652,1,260
7653,1,263
7654,1,265
7655,1,267
7656,1,269
7657,1,270
7658,1,272
7659,1,275
7660,1,277
7661,1,278
7662,1,279
7663,1,281
7664,1,282
7665,1,283
7666,1,285
7667,1,286
7668,1,286
7669,1,287
7670,1,288
7671,1,288
7672,1,287
7673,1,287
7674,1,286
7675,1,285
7676,1,284
7677,1,282
7678,1,279
7679,1,278
7680,1,277
7681,1,274
7682,1,272
7683,1,270
7684,1,268
7685,1,267
7686,1,264
7687,1,261
7688,1,258
7689,1,255
7690,1,252
7691,1,248
7692,1,245
7693,1,241
7694,1,238
7695,1,235
7696,1,231
7697,1,228
7698,1,225
7699,1,221
7700,1,218
7701,1,215
7702,1,212
7703,1,211
7704,1,209
7705,1,207
7706,1,204
7707,1,201
7708,1,198
7709,1,194
7710,1,191
7711,1,188
7712,1,186
7713,1,184
7714,1,182
7715,1,179
7716,1,177
7717,1,175
7718,1,172
7719,1,171
7720,1,168
7721,1,166
7722,1,163
7723,1,161
7724,1,160
7725,1,158
7726,1,156
7727,1,153
7728,1,151
7729,1,149
7730,1,147
7731,1,144
7732,1,140
7733,1,138
7734,1,136
7735,1,135
7736,1,133
7737,1,130
7738,1,128
7739,1,127
7740,1,125
7741,1,124
7742,1,122
7743,1,120
7744,1,118
7745,1,117
7746,1,115
7747,1,114
7748,1,112
7749,1,110
7750,1,109
7751,1,108
7752,1,107
7753,1,106
7754,1,105
7755,1,103
7756,1,101
7757,1,98
7758,1,96
7759,1,94
7760,1,92
7761,1,90
7762,1,88
7763,1,87
7764,1,85
7765,1,83
7766,1,81
7767,1,79
7768,1,77
7769,1,75
7770,1,73
7771,1,71
7772,1,69
7773,1,67
7774,1,64
7775,1,63
7776,1,62
7777,1,60
7778,1,58
7779,1,57
7780,1,56
7781,1,55
7782,1,55
7783,1,54
7784,1,54
7785,1,54
7786,1,54
7787,1,54
7788,1,54
7789,1,54
7790,1,54
7791,1,54
7792,1,54
7793,1,55
7794,1,55
7795,1,55
7796,1,55
7797,1,55
7798,1,56
7799,1,55
7800,1,55
7801,1,55
7802,1,55
7803,1,55
7804,1,55
7805,1,56
7806,1,56
7807,1,56
7808,1,55
7809,1,56
7810,1,56
7811,1,55
7812,1,55
7813,1,56
7814,1,56
7815,1,57
7816,1,57
7817,1,57
7818,1,57
7819,1,57
7820,1,57
7821,1,57
7822,1,57
7823,1,57
7824,1,57
7825,1,58
7826,1,59
7827,1,60
7828,1,60
7829,1,61
7830,1,62
7831,1,62
7832,1,62
7833,1,63
7834,1,63
7835,1,63
7836,1,63
7837,1,63
7838,1,64
7839,1,64
7840,1,64
7841,1,65
7842,1,65
7843,1,65
7844,1,65
7845,1,65
7846,1,65
7847,1,65
7848,1,65
7849,1,65
7850,1,64
7851,1,63
7852,1,62
7853,1,61
7854,1,61
7855,1,60
7856,1,60
7857,1,60
7858,1,59
7859,1,59
7860,1,58
7861,1,58
7862,1,58
7863,1,57
7864,1,57
7865,1,57
7866,1,56
7867,1,56
7868,1,55
7869,1,55
7870,1,55
7871,1,55
7872,1,55
7873,1,55
7874,1,56
7875,1,56
7876,1,56
7877,1,57
7878,1,58
7879,1,59
7880,1,60
7881,1,61
7882,1,61
7883,1,61
7884,1,61
7885,1,61
7886,1,61
7887,1,61
7888,1,61
7889,1,60
7890,1,60
7891,1,61
7892,1,61
7893,1,61
7894,1,62
7895,1,62
7896,1,62
7897,1,62
7898,1,62
7899,1,62
7900,1,63
7901,1,63
7902,1,64
7903,1,64
7904,1,65
7905,1,66
7906,1,67
7907,1,67
7908,1,69
7909,1,69
7910,1,70
7911,1,71
7912,1,72
7913,1,73
7914,1,73
7915,1,75
7916,1,76
7917,1,77
7918,1,79
7919,1,79
7920,1,80
7921,1,81
7922,1,82
7923,1,83
7924,1,84
7925,1,85
7926,1,86
7927,1,87
7928,1,88
7929,1,88
7930,1,89
7931,1,89
7932,1,89
7933,1,89
7934,1,90
7935,1,90
7936,1,90
7937,1,89
7938,1,88
7939,1,88
7940,1,88
7941,1,88
7942,1,88
7943,1,87
7944,1,87
7945,1,86
7946,1,85
7947,1,85
7948,1,84
7949,1,85
7950,1,85
7951,1,85
7952,1,84
7953,1,84
7954,1,84
7955,1,84
7956,1,84
7957,1,84
7958,1,83
7959,1,84
7960,1,84
7961,1,84
7962,1,85
7963,1,85
7964,1,85
7965,1,86
7966,1,86
7967,1,87
7968,1,87
7969,1,88
7970,1,88
7971,1,88
7972,1,88
7973,1,89
7974,1,89
7975,1,88
7976,1,89
7977,1,89
7978,1,90
7979,1,91
7980,1,91
7981,1,92
7982,1,93
7983,1,93
7984,1,93
7985,1,93
7986,1,94
7987,1,95
7988,1,95
7989,1,96
7990,1,96
7991,1,97
7992,1,97
7993,1,98
7994,1,98
7995,1,99
7996,1,99
7997,1,99
7998,1,99
7999,1,99
8000,1,100
8001,1,100
8002,1,100
8003,1,100
8004,1,100
8005,1,99
8006,1,100
8007,1,100
8008,1,100
8009,1,99
8010,1,100
8011,1,100
8012,1,100
8013,1,99
8014,1,99
8015,1,99
8016,1,99
8017,1,99
8018,1,99
8019,1,99
8020,1,98
8021,1,98
8022,1,97
8023,1,96
8024,1,96
8025,1,95
8026,1,95
8027,1,93
8028,1,92
8029,1,90
8030,1,90
8031,1,89
8032,1,88
8033,1,87
8034,1,86
8035,1,84
8036,1,83
8037,1,82
8038,1,81
8039,1,80
8040,1,80
8041,1,79
8042,1,79
8043,1,78
8044,1,78
8045,1,78
8046,1,77
8047,1,77
8048,1,77
8049,1,77
8050,1,76
8051,1,76
8052,1,76
8053,1,75
8054,1,76
8055,1,76
8056,1,76
8057,1,76
8058,1,76
8059,1,77
8060,1,77
8061,1,77
8062,1,77
8063,1,77
8064,1,77
8065,1,78
8066,1,78
8067,1,78
8068,1,78
8069,1,78
8070,1,78
8071,1,79
8072,1,79
8073,1,79
8074,1,79
8075,1,79
8076,1,80
8077,1,80
8078,1,80
8079,1,80
8080,1,81
8081,1,81
8082,1,81
8083,1,82
8084,1,82
8085,1,82
8086,1,82
8087,1,83
8088,1,84
8089,1,84
8090,1,83
8091,1,84
8092,1,84
8093,1,85
8094,1,86
8095,1,87
8096,1,88
8097,1,89
8098,1,90
8099,1,90
8100,1,90
8101,1,91
8102,1,92
8103,1,93
8104,1,94
8105,1,95
8106,1,96
8107,1,97
8108,1,97
8109,1,99
8110,1,100
8111,1,101
8112,1,103
8113,1,104
8114,1,104
8115,1,105
8116,1,106
8117,1,107
8118,1,107
8119,1,108
8120,1,108
8121,1,108
8122,1,109
8123,1,110
8124,1,111
8125,1,111
8126,1,111
8127,1,112
8128,1,112
8129,1,112
8130,1,113
8131,1,114
8132,1,115
8133,1,115
8134,1,116
8135,1,117
8136,1,117
8137,1,118
8138,1,119
8139,1,120
8140,1,121
8141,1,123
8142,1,124
8143,1,125
8144,1,125
8145,1,126
8146,1,128
8147,1,129
8148,1,131
8149,1,133
8150,1,134
8151,1,136
8152,1,138
8153,1,140
8154,1,142
8155,1,144
8156,1,146
8157,1,148
8158,1,151
8159,1,152
8160,1,154
8161,1,156
8162,1,158
8163,1,160
8164,1,162
8165,1,165
8166,1,168
8167,1,170
8168,1,173
8169,1,175
8170,1,176
8171,1,178
8172,1,181
8173,1,182
8174,1,184
8175,1,185
8176,1,187
8177,1,189
8178,1,191
8179,1,194
8180,1,197
8181,1,198
8182,1,198
8183,1,200
8184,1,201
8185,1,204
8186,1,206
8187,1,208
8188,1,210
8189,1,213
8190,1,215
8191,1,218
8192,1,220
8193,1,222
8194,1,223
8195,1,225
8196,1,226
8197,1,227
8198,1,228
8199,1,229
8200,1,231
8201,1,232
8202,1,234
8203,1,234
8204,1,236
8205,1,237
8206,1,238
8207,1,239
8208,1,240
8209,1,241
8210,1,242
8211,1,242
8212,1,242
8213,1,242
8214,1,241
8215,1,241
8216,1,239
8217,1,238
8218,1,238
8219,1,238
8220,1,238
8221,1,238
8222,1,236
8223,1,235
8224,1,234
8225,1,234
8226,1,233
8227,1,232
8228,1,233
8229,1,234
8230,1,234
8231,1,235
8232,1,235
8233,1,235
8234,1,235
8235,1,236
8236,1,237
8237,1,237
8238,1,238
8239,1,238
8240,1,239
8241,1,239
8242,1,240
8243,1,240
8244,1,240
8245,1,240
8246,1,240
8247,1,239
8248,1,239
8249,1,239
8250,1,239
8251,1,238
8252,1,237
8253,1,236
8254,1,234
8255,1,234
8256,1,233
8257,1,232
8258,1,231
8259,1,230
8260,1,229
8261,1,228
8262,1,227
8263,1,225
8264,1,223
8265,1,223
8266,1,222
8267,1,221
8268,1,220
8269,1,219
8270,1,218
8271,1,217
8272,1,216
8273,1,215
8274,1,215
8275,1,216
8276,1,216
8277,1,215
8278,1,215
8279,1,215
8280,1,216
8281,1,215
8282,1,215
8283,1,215
8284,1,215
8285,1,215
8286,1,215
8287,1,214
8288,1,213
8289,1,213
8290,1,213
8291,1,213
8292,1,212
8293,1,210
8294,1,209
8295,1,207
8296,1,205
8297,1,203
8298,1,201
8299,1,199
8300,1,197
8301,1,194
8302,1,191
8303,1,189
8304,1,186
8305,1,184
8306,1,182
8307,1,179
8308,1,176
8309,1,173
8310,1,171
8311,1,168
8312,1,166
8313,1,163
8314,1,161
8315,1,158
8316,1,154
8317,1,150
8318,1,147
8319,1,144
8320,1,141
8321,1,138
8322,1,135
8323,1,132
8324,1,130
8325,1,127
8326,1,125
8327,1,123
8328,1,120
8329,1,119
8330,1,117
8331,1,116
8332,1,114
8333,1,114
8334,1,113
8335,1,113
8336,1,112
8337,1,110
8338,1,109
8339,1,107
8340,1,107
8341,1,106
8342,1,105
8343,1,104
8344,1,103
8345,1,102
8346,1,101
8347,1,100
8348,1,99
8349,1,99
8350,1,97
8351,1,97
8352,1,97
8353,1,96
8354,1,95
8355,1,94
8356,1,93
8357,1,92
8358,1,92
8359,1,91
8360,1,91
8361,1,91
8362,1,91
8363,1,90
8364,1,89
8365,1,88
8366,1,88
8367,1,87
8368,1,86
8369,1,86
8370,1,87
8371,1,87
8372,1,87
8373,1,88
8374,1,88
8375,1,89
8376,1,88
8377,1,89
8378,1,89
8379,1,89
8380,1,89
8381,1,89
8382,1,89
8383,1,89
8384,1,88
8385,1,88
8386,1,88
8387,1,87
8388,1,86
8389,1,87
8390,1,87
8391,1,87
8392,1,87
8393,1,86
8394,1,85
8395,1,85
8396,1,84
8397,1,83
8398,1,82
8399,1,82
8400,1,81
8401,1,80
8402,1,79
8403,1,78
8404,1,77
8405,1,76
8406,1,74
8407,1,73
8408,1,71
8409,1,70
8410,1,69
8411,1,67
8412,1,65
8413,1,65
8414,1,64
8415,1,63
8416,1,62
8417,1,61
8418,1,60
8419,1,59
8420,1,59
8421,1,57
8422,1,56
8423,1,55
8424,1,54
8425,1,52
8426,1,51
8427,1,51
8428,1,50
8429,1,49
8430,1,48
8431,1,48
8432,1,47
8433,1,47
8434,1,46
8435,1,46
8436,1,45
8437,1,44
8438,1,44
8439,1,44
8440,1,44
8441,1,43
8442,1,43
8443,1,43
8444,1,43
8445,1,43
8446,1,43
8447,1,44
8448,1,44
8449,1,44
8450,1,44
8451,1,44
8452,1,44
8453,1,44
8454,1,44
8455,1,44
8456,1,44
8457,1,44
8458,1,44
8459,1,44
8460,1,45
8461,1,45
8462,1,45
8463,1,45
8464,1,45
8465,1,45
8466,1,45
8467,1,45
8468,1,45
8469,1,45
8470,1,44
8471,1,44
8472,1,44
8473,1,44
8474,1,43
8475,1,43
8476,1,43
8477,1,43
8478,1,43
8479,1,42
8480,1,42
8481,1,41
8482,1,41
8483,1,41
8484,1,40
8485,1,40
8486,1,39
8487,1,39
8488,1,39
8489,1,38
8490,1,38
8491,1,37
8492,1,37
8493,1,37
8494,1,36
8495,1,36
8496,1,35
8497,1,35
8498,1,35
8499,1,35
8500,1,34
8501,1,34
8502,1,34
8503,1,34
8504,1,33
8505,1,34
8506,1,34
8507,1,34
8508,1,34
8509,1,34
8510,1,34
8511,1,34
8512,1,33
8513,1,33
8514,1,33
8515,1,33
8516,1,33
8517,1,33
8518,1,34
8519,1,34
8520,1,34
8521,1,34
8522,1,35
8523,1,35
8524,1,35
8525,1,36
8526,1,37
8527,1,37
8528,1,37
8529,1,38
8530,1,38
8531,1,39
8532,1,40
8533,1,41
8534,1,41
8535,1,41
8536,1,42
8537,1,42
8538,1,42
8539,1,43
8540,1,43
8541,1,43
8542,1,43
8543,1,43
8544,1,43
8545,1,43
8546,1,43
8547,1,43
8548,1,43
8549,1,43
8550,1,43
8551,1,42
8552,1,42
8553,1,41
8554,1,41
8555,1,41
8556,1,40
8557,1,40
8558,1,39
8559,1,38
8560,1,38
8561,1,37
8562,1,36
8563,1,35
8564,1,34
8565,1,34
8566,1,33
8567,1,32
8568,1,31
8569,1,30
8570,1,29
8571,1,28
8572,1,28
8573,1,27
8574,1,27
8575,1,26
8576,1,26
8577,1,25
8578,1,24
8579,1,24
8580,1,24
8581,1,23
8582,1,23
8583,1,23
8584,1,22
8585,1,22
8586,1,22
8587,1,21
8588,1,21
8589,1,21
8590,1,20
8591,1,20
8592,1,20
8593,1,20
8594,1,20
8595,1,19
8596,1,19
8597,1,19
8598,1,18
8599,1,18
8600,1,18
8601,1,18
8602,1,18
8603,1,18
8604,1,18
8605,1,18
8606,1,18
8607,1,18
8608,1,18
8609,1,17
8610,1,17
8611,1,17
8612,1,17
8613,1,16
8614,1,16
8615,1,16
8616,1,16
8617,1,16
8618,1,15
8619,1,15
8620,1,14
8621,1,14
8622,1,14
8623,1,13
8624,1,13
8625,1,13
8626,1,12
8627,1,12
8628,1,11
8629,1,11
8630,1,10
8631,1,9
8632,1,9
8633,1,7
8634,1,6
8635,1,5
8636,1,4
8637,1,3
8638,1,2
8639,1,0
8640,1,0
8641,1,0
8642,1,0
8643,1,0
8644,1,0
8645,1,0
8646,1,0
8647,1,0
8648,1,0
8649,1,0
8650,1,0
8651,1,0
8652,1,0
8653,1,0
8654,1,0
8655,1,0
8656,1,0
8657,1,0
8658,1,0
8659,1,0
8660,1,0
8661,1,0
8662,1,0
8663,1,0
8664,1,0
8665,1,0
8666,1,0
8667,1,0
8668,1,0
8669,1,0
8670,1,0
8671,1,0
8672,1,0
8673,1,0
8674,1,0
8675,1,0
8676,1,0
8677,1,0
8678,1,0
8679,1,0
8680,1,0
8681,1,0
8682,1,0
8683,1,0
8684,1,0
8685,1,0
8686,1,0
8687,1,0
8688,1,0
8689,1,0
8690,1,0
8691,1,0
8692,1,0
8693,1,0
8694,1,0
8695,1,0
8696,1,0
8697,1,0
8698,1,0
8699,1,0
8700,1,0
8701,1,0
8702,1,0
8703,1,0
8704,1,0
8705,1,0
8706,1,0
8707,1,0
8708,1,0
8709,1,0
8710,1,0
8711,1,0
8712,1,0
8713,1,0
8714,1,0
8715,1,0
8716,1,1
8717,1,1
8718,1,1
8719,1,1
8720,1,1
8721,1,1
8722,1,1
8723,1,1
8724,1,1
8725,1,1
8726,1,1
8727,1,1
8728,1,1
8729,1,1
8730,1,1
8731,1,1
8732,1,1
8733,1,1
8734,1,1
8735,1,1
8736,1,1
8737,1,1
8738,1,1
8739,1,1
8740,1,1
8741,1,1
8742,1,1
8743,1,1
8744,1,1
8745,1,1
8746,1,1
8747,1,1
8748,1,1
8749,1,1
8750,1,1
8751,1,0
8752,1,0
8753,1,0
8754,1,0
8755,1,0
8756,1,0
8757,1,0
8758,1,0
8759,1,0
8760,1,0
8761,1,0
8762,1,0
8763,1,0
8764,1,0
8765,1,0
8766,1,0
8767,1,0
8768,1,0
8769,1,0
8770,1,0
8771,1,0
8772,1,0
8773,1,0
8774,1,0
8775,1,0
8776,1,0
8777,1,0
8778,1,0
8779,1,0
8780,1,0
8781,1,0
8782,1,0
8783,1,0
8784,1,0
8785,1,0
8786,1,0
8787,1,0
8788,1,0
8789,1,0
8790,1,0
8791,1,1
8792,1,1
8793,1,1
8794,1,1
8795,1,1
8796,1,1
8797,1,1
8798,1,1
8799,1,1
8800,1,1
8801,1,1
8802,1,1
8803,1,1
8804,1,1
8805,1,1
8806,1,1
8807,1,1
8808,1,1
8809,1,1
8810,1,1
8811,1,1
8812,1,1
8813,1,1
8814,1,1
8815,1,1
8816,1,1
8817,1,1
8818,1,1
8819,1,1
8820,1,1
8821,1,1
8822,1,1
8823,1,1
8824,1,1
8825,1,1
8826,1,1
8827,1,1
8828,1,1
8829,1,1
8830,1,1
8831,1,1
8832,1,1
8833,1,1
8834,1,1
8835,1,1
8836,1,1
8837,1,1
8838,1,1
8839,1,1
8840,1,1
8841,1,1
8842,1,1
8843,1,1
8844,1,1
8845,1,1
8846,1,1
8847,1,0
8848,1,0
8849,1,0
8850,1,0
8851,1,0
8852,1,0
8853,1,0
8854,1,1
8855,1,1
8856,1,1
8857,1,1
8858,1,1
8859,1,1
8860,1,1
8861,1,1
8862,1,1
8863,1,1
8864,1,1
8865,1,1
8866,1,1
8867,1,1
8868,1,1
8869,1,2
8870,1,2
8871,1,2
8872,1,2
8873,1,2
8874,1,2
8875,1,2
8876,1,2
8877,1,2
8878,1,2
8879,1,3
8880,1,3
8881,1,3
8882,1,3
8883,1,3
8884,1,3
8885,1,3
8886,1,3
8887,1,3
8888,1,3
8889,1,3
8890,1,3
8891,1,3
8892,1,3
8893,1,3
8894,1,3
8895,1,3
8896,1,3
8897,1,3
8898,1,3
8899,1,3
8900,1,3
8901,1,3
8902,1,3
8903,1,3
8904,1,3
8905,1,3
8906,1,3
8907,1,3
8908,1,3
8909,1,3
8910,1,3
8911,1,3
8912,1,3
8913,1,3
8914,1,4
8915,1,4
8916,1,4
8917,1,4
8918,1,4
8919,1,4
8920,1,4
8921,1,4
8922,1,4
8923,1,4
8924,1,4
8925,1,5
8926,1,5
8927,1,5
8928,1,5
8929,1,5
8930,1,5
8931,1,5
8932,1,5
8933,1,6
8934,1,6
8935,1,6
8936,1,6
8937,1,6
8938,1,7
8939,1,7
8940,1,7
8941,1,7
8942,1,8
8943,1,8
8944,1,8
8945,1,8
8946,1,9
8947,1,9
8948,1,9
8949,1,10
8950,1,10
8951,1,11
8952,1,11
8953,1,11
8954,1,12
8955,1,13
8956,1,13
8957,1,14
8958,1,15
8959,1,16
8960,1,16
8961,1,17
8962,1,18
8963,1,18
8964,1,20
8965,1,21
8966,1,21
8967,1,22
8968,1,23
8969,1,24
8970,1,24
8971,1,25
8972,1,25
8973,1,26
8974,1,27
8975,1,27
8976,1,29
8977,1,29
8978,1,30
8979,1,31
8980,1,32
8981,1,33
8982,1,34
8983,1,35
8984,1,36
8985,1,37
8986,1,38
8987,1,40
8988,1,41
8989,1,42
8990,1,43
8991,1,44
8992,1,45
8993,1,45
8994,1,46
8995,1,47
8996,1,48
8997,1,49
8998,1,50
8999,1,52
9000,1,53
9001,1,54
9002,1,55
9003,1,56
9004,1,57
9005,1,58
9006,1,60
9007,1,62
9008,1,63
9009,1,64
9010,1,65
9011,1,67
9012,1,69
9013,1,71
9014,1,72
9015,1,74
9016,1,76
9017,1,78
9018,1,80
9019,1,82
9020,1,83
9021,1,86
9022,1,88
9023,1,90
9024,1,91
9025,1,93
9026,1,95
9027,1,98
9028,1,100
9029,1,103
9030,1,106
9031,1,109
9032,1,112
9033,1,116
9034,1,119
9035,1,122
9036,1,125
9037,1,129
9038,1,133
9039,1,137
9040,1,140
9041,1,145
9042,1,149
9043,1,153
9044,1,156
9045,1,160
9046,1,163
9047,1,165
9048,1,168
9049,1,171
9050,1,174
9051,1,177
9052,1,180
9053,1,183
9054,1,186
9055,1,188
9056,1,190
9057,1,194
9058,1,197
9059,1,199
9060,1,201
9061,1,204
9062,1,206
9063,1,208
9064,1,211
9065,1,214
9066,1,216
9067,1,217
9068,1,219
9069,1,220
9070,1,222
9071,1,224
9072,1,225
9073,1,227
9074,1,229
9075,1,232
9076,1,235
9077,1,237
9078,1,239
9079,1,243
9080,1,245
9081,1,247
9082,1,249
9083,1,251
9084,1,254
9085,1,255
9086,1,257
9087,1,259
9088,1,262
9089,1,264
9090,1,266
9091,1,269
9092,1,270
9093,1,273
9094,1,276
9095,1,278
9096,1,279
9097,1,282
9098,1,283
9099,1,285
9100,1,287
9101,1,289
9102,1,290
9103,1,291
9104,1,293
9105,1,295
9106,1,296
9107,1,297
9108,1,297
9109,1,298
9110,1,298
9111,1,298
9112,1,297
9113,1,297
9114,1,296
9115,1,294
9116,1,292
9117,1,290
9118,1,288
9119,1,287
9120,1,285
9121,1,282
9122,1,278
9123,1,275
9124,1,272
9125,1,269
9126,1,265
9127,1,262
9128,1,259
9129,1,256
9130,1,252
9131,1,249
9132,1,245
9133,1,241
9134,1,238
9135,1,234
9136,1,230
9137,1,227
9138,1,224
9139,1,221
9140,1,218
9141,1,214
9142,1,211
9143,1,208
9144,1,205
9145,1,202
9146,1,198
9147,1,195
9148,1,193
9149,1,190
9150,1,188
9151,1,184
9152,1,181
9153,1,178
9154,1,176
9155,1,174
9156,1,171
9157,1,168
9158,1,165
9159,1,163
9160,1,161
9161,1,159
9162,1,157
9163,1,155
9164,1,153
9165,1,151
9166,1,148
9167,1,146
9168,1,143
9169,1,141
9170,1,138
9171,1,136
9172,1,133
9173,1,131
9174,1,129
9175,1,127
9176,1,126
9177,1,125
9178,1,124
9179,1,122
9180,1,121
9181,1,119
9182,1,118
9183,1,116
9184,1,115
9185,1,114
9186,1,113
9187,1,111
9188,1,110
9189,1,108
9190,1,107
9191,1,105
9192,1,104
9193,1,102
9194,1,100
9195,1,98
9196,1,96
9197,1,94
9198,1,92
9199,1,90
9200,1,88
9201,1,85
9202,1,83
9203,1,80
9204,1,77
9205,1,75
9206,1,72
9207,1,70
9208,1,68
9209,1,66
9210,1,65
9211,1,63
9212,1,62
9213,1,60
9214,1,59
9215,1,58
9216,1,56
9217,1,55
9218,1,54
9219,1,54
9220,1,54
9221,1,53
9222,1,53
9223,1,53
9224,1,53
9225,1,54
9226,1,54
9227,1,55
9228,1,55
9229,1,55
9230,1,55
9231,1,55
9232,1,56
9233,1,55
9234,1,55
9235,1,55
9236,1,55
9237,1,55
9238,1,55
9239,1,55
9240,1,56
9241,1,55
9242,1,55
9243,1,55
9244,1,55
9245,1,55
9246,1,55
9247,1,54
9248,1,55
9249,1,55
9250,1,55
9251,1,55
9252,1,56
9253,1,56
9254,1,57
9255,1,57
9256,1,57
9257,1,57
9258,1,57
9259,1,57
9260,1,57
9261,1,57
9262,1,58
9263,1,59
9264,1,59
9265,1,59
9266,1,59
9267,1,59
9268,1,60
9269,1,60
9270,1,61
9271,1,62
9272,1,63
9273,1,64
9274,1,65
9275,1,65
9276,1,65
9277,1,65
9278,1,66
9279,1,66
9280,1,66
9281,1,66
9282,1,66
9283,1,66
9284,1,66
9285,1,66
9286,1,65
9287,1,64
9288,1,64
9289,1,63
9290,1,62
9291,1,61
9292,1,59
9293,1,58
9294,1,58
9295,1,57
9296,1,57
9297,1,56
9298,1,56
9299,1,55
9300,1,55
9301,1,54
9302,1,54
9303,1,55
9304,1,55
9305,1,54
9306,1,55
9307,1,55
9308,1,56
9309,1,56
9310,1,56
9311,1,56
9312,1,57
9313,1,57
9314,1,57
9315,1,58
9316,1,59
9317,1,59
9318,1,60
9319,1,61
9320,1,60
9321,1,61
9322,1,61
9323,1,61
9324,1,61
9325,1,61
9326,1,61
9327,1,61
9328,1,61
9329,1,61
9330,1,61
9331,1,61
9332,1,61
9333,1,61
9334,1,61
9335,1,61
9336,1,61
9337,1,62
9338,1,62
9339,1,62
9340,1,63
9341,1,64
9342,1,64
9343,1,65
9344,1,66
9345,1,67
9346,1,68
9347,1,70
9348,1,70
9349,1,71
9350,1,72
9351,1,73
9352,1,74
9353,1,76
9354,1,77
9355,1,78
9356,1,79
9357,1,81
9358,1,82
9359,1,83
9360,1,84
9361,1,85
9362,1,87
9363,1,87
9364,1,88
9365,1,89
9366,1,89
9367,1,90
9368,1,90
9369,1,91
9370,1,91
9371,1,92
9372,1,92
9373,1,91
9374,1,91
9375,1,90
9376,1,89
9377,1,89
9378,1,89
9379,1,87
9380,1,86
9381,1,85
9382,1,85
9383,1,85
9384,1,84
9385,1,84
9386,1,83
9387,1,83
9388,1,83
9389,1,82
9390,1,82
9391,1,82
9392,1,82
9393,1,82
9394,1,81
9395,1,82
9396,1,82
9397,1,83
9398,1,83
9399,1,84
9400,1,84
9401,1,85
9402,1,86
9403,1,87
9404,1,87
9405,1,88
9406,1,88
9407,1,88
9408,1,88
9409,1,88
9410,1,89
9411,1,90
9412,1,90
9413,1,90
9414,1,90
9415,1,90
9416,1,91
9417,1,90
9418,1,90
9419,1,91
9420,1,91
9421,1,91
9422,1,92
9423,1,93
9424,1,93
9425,1,94
9426,1,94
9427,1,94
9428,1,95
9429,1,96
9430,1,97
9431,1,97
9432,1,98
9433,1,99
9434,1,99
9435,1,99
9436,1,100
9437,1,101
9438,1,101
9439,1,102
9440,1,102
9441,1,102
9442,1,102
9443,1,101
9444,1,100
9445,1,100
9446,1,99
9447,1,99
9448,1,99
9449,1,99
9450,1,99
9451,1,98
9452,1,99
9453,1,98
9454,1,98
9455,1,98
9456,1,97
9457,1,98
9458,1,97
9459,1,97
9460,1,96
9461,1,96
9462,1,95
9463,1,95
9464,1,94
9465,1,93
9466,1,92
9467,1,90
9468,1,89
9469,1,87
9470,1,86
9471,1,85
9472,1,84
9473,1,82
9474,1,82
9475,1,80
9476,1,79
9477,1,77
9478,1,76
9479,1,75
9480,1,74
9481,1,73
9482,1,72
9483,1,72
9484,1,71
9485,1,71
9486,1,71
9487,1,71
9488,1,72
9489,1,73
9490,1,74
9491,1,74
9492,1,76
9493,1,77
9494,1,77
9495,1,78
9496,1,78
9497,1,79
9498,1,79
9499,1,79
9500,1,80
9501,1,80
9502,1,80
9503,1,80
9504,1,80
9505,1,80
9506,1,80
9507,1,79
9508,1,79
9509,1,79
9510,1,79
9511,1,79
9512,1,79
9513,1,79
9514,1,79
9515,1,79
9516,1,79
9517,1,79
9518,1,80
9519,1,79
9520,1,79
9521,1,79
9522,1,80
9523,1,80
9524,1,80
9525,1,80
9526,1,81
9527,1,82
9528,1,83
9529,1,84
9530,1,85
9531,1,85
9532,1,86
9533,1,87
9534,1,88
9535,1,88
9536,1,89
9537,1,90
9538,1,90
9539,1,91
9540,1,92
9541,1,93
9542,1,94
9543,1,95
9544,1,97
9545,1,98
9546,1,99
9547,1,100
9548,1,102
9549,1,104
9550,1,105
9551,1,106
9552,1,107
9553,1,108
9554,1,108
9555,1,109
9556,1,109
9557,1,110
9558,1,111
9559,1,112
9560,1,113
9561,1,113
9562,1,114
9563,1,114
9564,1,114
9565,1,113
9566,1,113
9567,1,113
9568,1,112
9569,1,112
9570,1,112
9571,1,112
9572,1,112
9573,1,113
9574,1,114
9575,1,115
9576,1,116
9577,1,117
9578,1,119
9579,1,120
9580,1,121
9581,1,123
9582,1,126
9583,1,128
9584,1,131
9585,1,133
9586,1,136
9587,1,138
9588,1,140
9589,1,142
9590,1,143
9591,1,146
9592,1,148
9593,1,149
9594,1,150
9595,1,151
9596,1,153
9597,1,155
9598,1,156
9599,1,159
9600,1,161
9601,1,162
9602,1,165
9603,1,168
9604,1,170
9605,1,172
9606,1,175
9607,1,178
9608,1,180
9609,1,182
9610,1,185
9611,1,187
9612,1,190
9613,1,192
9614,1,195
9615,1,198
9616,1,199
9617,1,201
9618,1,202
9619,1,203
9620,1,205
9621,1,206
9622,1,208
9623,1,209
9624,1,211
9625,1,212
9626,1,214
9627,1,216
9628,1,218
9629,1,220
9630,1,222
9631,1,224
9632,1,227
9633,1,229
9634,1,232
9635,1,236
9636,1,238
9637,1,241
9638,1,244
9639,1,247
9640,1,250
9641,1,252
9642,1,255
9643,1,257
9644,1,259
9645,1,261
9646,1,264
9647,1,264
9648,1,265
9649,1,267
9650,1,269
9651,1,269
9652,1,268
9653,1,268
9654,1,267
9655,1,267
9656,1,268
9657,1,268
9658,1,266
9659,1,266
9660,1,266
9661,1,265
9662,1,265
9663,1,264
9664,1,264
9665,1,263
9666,1,263
9667,1,263
9668,1,263
9669,1,263
9670,1,264
9671,1,265
9672,1,265
9673,1,266
9674,1,266
9675,1,268
9676,1,269
9677,1,270
9678,1,270
9679,1,271
9680,1,272
9681,1,272
9682,1,272
9683,1,271
9684,1,271
9685,1,270
9686,1,269
9687,1,268
9688,1,267
9689,1,266
9690,1,265
9691,1,263
9692,1,261
9693,1,260
9694,1,259
9695,1,258
9696,1,257
9697,1,255
9698,1,254
9699,1,253
9700,1,253
9701,1,252
9702,1,251
9703,1,252
9704,1,252
9705,1,252
9706,1,252
9707,1,252
9708,1,252
9709,1,252
9710,1,254
9711,1,254
9712,1,254
9713,1,254
9714,1,256
9715,1,257
9716,1,258
9717,1,258
9718,1,259
9719,1,260
9720,1,262
9721,1,263
9722,1,263
9723,1,263
9724,1,264
9725,1,264
9726,1,266
9727,1,267
9728,1,267
9729,1,268
9730,1,269
9731,1,270
9732,1,270
9733,1,270
9734,1,271
9735,1,271
9736,1,270
9737,1,269
9738,1,267
9739,1,265
9740,1,264
9741,1,260
9742,1,257
9743,1,253
9744,1,250
9745,1,246
9746,1,242
9747,1,237
9748,1,233
9749,1,228
9750,1,225
9751,1,221
9752,1,216
9753,1,211
9754,1,207
9755,1,204
9756,1,200
9757,1,196
9758,1,193
9759,1,189
9760,1,186
9761,1,182
9762,1,178
9763,1,174
9764,1,171
9765,1,169
9766,1,165
9767,1,162
9768,1,159
9769,1,155
9770,1,152
9771,1,148
9772,1,145
9773,1,142
9774,1,139
9775,1,137
9776,1,135
9777,1,131
9778,1,128
9779,1,125
9780,1,122
9781,1,119
9782,1,116
9783,1,113
9784,1,111
9785,1,109
9786,1,107
9787,1,105
9788,1,103
9789,1,101
9790,1,99
9791,1,97
9792,1,95
9793,1,94
9794,1,94
9795,1,93
9796,1,92
9797,1,93
9798,1,93
9799,1,93
9800,1,93
9801,1,92
9802,1,91
9803,1,90
9804,1,90
9805,1,90
9806,1,90
9807,1,90
9808,1,90
9809,1,90
9810,1,89
9811,1,90
9812,1,90
9813,1,90
9814,1,90
9815,1,91
9816,1,91
9817,1,91
9818,1,91
9819,1,91
9820,1,91
9821,1,91
9822,1,91
9823,1,91
9824,1,90
9825,1,90
9826,1,89
9827,1,89
9828,1,88
9829,1,88
9830,1,87
9831,1,87
9832,1,87
9833,1,86
9834,1,85
9835,1,84
9836,1,83
9837,1,82
9838,1,80
9839,1,79
9840,1,77
9841,1,75
9842,1,74
9843,1,73
9844,1,72
9845,1,71
9846,1,71
9847,1,69
9848,1,68
9849,1,67
9850,1,66
9851,1,65
9852,1,64
9853,1,62
9854,1,61
9855,1,60
9856,1,58
9857,1,58
9858,1,56
9859,1,55
9860,1,54
9861,1,53
9862,1,52
9863,1,51
9864,1,50
9865,1,48
9866,1,48
9867,1,47
9868,1,46
9869,1,45
9870,1,45
9871,1,44
9872,1,44
9873,1,43
9874,1,43
9875,1,43
9876,1,43
9877,1,43
9878,1,42
9879,1,42
9880,1,43
9881,1,43
9882,1,43
9883,1,43
9884,1,43
9885,1,44
9886,1,44
9887,1,44
9888,1,44
9889,1,44
9890,1,44
9891,1,44
9892,1,44
9893,1,43
9894,1,43
9895,1,44
9896,1,44
9897,1,44
9898,1,44
9899,1,44
9900,1,44
9901,1,44
9902,1,44
9903,1,44
9904,1,44
9905,1,44
9906,1,44
9907,1,45
9908,1,45
9909,1,45
9910,1,45
9911,1,44
9912,1,44
9913,1,44
9914,1,44
9915,1,44
9916,1,43
9917,1,43
9918,1,43
9919,1,42
9920,1,42
9921,1,41
9922,1,40
9923,1,39
9924,1,39
9925,1,38
9926,1,37
9927,1,37
9928,1,36
9929,1,35
9930,1,35
9931,1,34
9932,1,34
9933,1,34
9934,1,33
9935,1,33
9936,1,33
9937,1,33
9938,1,33
9939,1,33
9940,1,33
9941,1,33
9942,1,33
9943,1,33
9944,1,33
9945,1,33
9946,1,33
9947,1,33
9948,1,33
9949,1,33
9950,1,33
9951,1,33
9952,1,33
9953,1,33
9954,1,33
9955,1,33
9956,1,33
9957,1,33
9958,1,33
9959,1,33
9960,1,33
9961,1,34
9962,1,35
9963,1,35
9964,1,36
9965,1,37
9966,1,38
9967,1,39
9968,1,39
9969,1,40
9970,1,41
9971,1,42
9972,1,42
9973,1,43
9974,1,44
9975,1,44
9976,1,45
9977,1,46
9978,1,46
9979,1,46
9980,1,46
9981,1,46
9982,1,45
9983,1,45
9984,1,45
9985,1,45
9986,1,44
9987,1,44
9988,1,43
9989,1,42
9990,1,41
9991,1,41
9992,1,40
9993,1,40
9994,1,39
9995,1,38
9996,1,37
9997,1,37
9998,1,36
9999,1,35
10000,1,34
10001,1,33
10002,1,33
10003,1,33
10004,1,32
10005,1,31
10006,1,30
10007,1,30
10008,1,29
10009,1,28
10010,1,27
10011,1,26
10012,1,26
10013,1,25
10014,1,24
10015,1,23
10016,1,23
10017,1,22
10018,1,22
10019,1,21
10020,1,21
10021,1,21
10022,1,21
10023,1,21
10024,1,20
10025,1,20
10026,1,20
10027,1,20
10028,1,20
10029,1,20
10030,1,20
10031,1,20
10032,1,20
10033,1,20
10034,1,20
10035,1,20
10036,1,20
10037,1,20
10038,1,19
10039,1,19
10040,1,19
10041,1,18
10042,1,18
10043,1,18
10044,1,17
10045,1,17
10046,1,17
10047,1,17
10048,1,17
10049,1,17
10050,1,16
10051,1,16
10052,1,16
10053,1,16
10054,1,15
10055,1,15
10056,1,15
10057,1,14
10058,1,14
10059,1,14
10060,1,14
10061,1,13
10062,1,13
10063,1,13
10064,1,12
10065,1,12
10066,1,12
10067,1,11
10068,1,10
10069,1,10
10070,1,9
10071,1,9
10072,1,8
10073,1,7
10074,1,6
10075,1,5
10076,1,4
10077,1,2
10078,1,1
10079,1,0
